,h3_code,total_poi,station_count,Eat_and_Drink,Going_Out-Entertainment,Sights_and_Museums,Transport,Accommodations,Shopping,Business_and_Services,Facilities,Areas_and_Buildings,h3_area,is_station
0,891969c9933ffff,89,3,7,1,0,0,0,5,64,12,0,High-area,True
89,8919695268bffff,92,2,3,3,2,1,1,3,70,9,0,High-area,True
186,891969c9d63ffff,31,1,0,0,2,0,1,4,15,9,0,High-area,True
217,89196826b9bffff,7,2,0,0,0,0,0,4,3,0,0,Low-area,True
244,891969536d3ffff,41,1,1,2,2,2,1,4,28,1,0,High-area,True
302,89196953577ffff,85,2,0,1,2,0,2,5,68,7,0,High-area,True
387,891969cd0cbffff,38,4,0,2,0,1,0,5,27,3,0,High-area,True
433,8919682695bffff,32,1,0,3,0,0,0,7,19,3,0,High-area,True
465,8919695308bffff,86,1,4,3,1,0,2,13,58,5,0,High-area,True
551,89196952263ffff,33,3,1,1,1,1,3,8,9,9,0,High-area,True
595,8919695221bffff,82,1,1,0,2,0,0,18,52,9,0,High-area,True
704,89196826bb3ffff,19,1,0,0,0,1,0,4,13,1,0,Low-area,True
723,89196952053ffff,65,2,1,1,2,2,0,4,41,14,0,High-area,True
789,891968269a3ffff,10,1,0,1,1,0,0,0,6,2,0,Low-area,True
799,89196953527ffff,81,5,1,5,1,0,2,15,46,11,0,High-area,True
881,891969c9993ffff,89,1,1,3,2,0,3,3,70,6,1,High-area,True
970,891969c9e07ffff,49,1,0,0,0,0,0,12,35,2,0,High-area,True
1019,89196826987ffff,87,8,1,5,5,0,1,15,56,4,0,High-area,True
1106,891969c9b47ffff,93,2,8,8,12,0,3,14,43,5,0,High-area,True
1200,8919695248fffff,63,2,1,0,0,0,0,10,50,2,0,High-area,True
1263,891969cd623ffff,92,5,4,1,1,3,0,25,48,10,0,High-area,True
1355,89196824db7ffff,14,1,0,0,0,0,0,1,12,1,0,Low-area,True
1369,891969530c3ffff,52,1,1,3,1,2,0,9,32,4,0,High-area,True
1421,89196952637ffff,72,3,1,3,3,2,1,7,46,9,0,High-area,True
1493,891969532abffff,23,3,0,0,0,0,0,3,17,3,0,Low-area,True
1522,8919695205bffff,68,4,7,2,1,0,0,5,44,9,0,High-area,True
1599,89196826b37ffff,53,1,5,2,0,7,0,9,25,5,0,High-area,True
1652,891969c9ebbffff,19,1,0,1,0,2,1,3,9,3,0,Low-area,True
1710,891969cd053ffff,60,4,0,1,0,2,1,8,46,2,0,High-area,True
1770,891969521dbffff,68,3,0,0,1,1,1,14,45,6,0,High-area,True
1840,89196953187ffff,54,3,6,2,1,1,0,7,31,6,0,High-area,True
1918,891969c9e3bffff,91,5,2,3,0,0,0,14,63,9,0,High-area,True
2009,891969c98d3ffff,18,3,0,0,0,0,2,1,12,3,0,Low-area,True
2027,891969c9c07ffff,21,3,0,0,1,2,0,1,17,0,0,Low-area,True
2048,89196952683ffff,70,3,8,6,3,3,4,6,32,8,0,High-area,True
2118,8919695342fffff,90,2,4,11,4,0,0,19,47,5,0,High-area,True
2212,891969c9d67ffff,38,1,0,0,2,2,0,3,27,4,0,High-area,True
2250,891969520bbffff,66,4,5,2,1,1,2,6,38,11,0,High-area,True
2316,891969c9d13ffff,47,2,0,3,1,1,1,8,23,10,0,High-area,True
2379,891969c9e37ffff,56,1,0,1,0,1,0,13,35,6,0,High-area,True
2457,89196953063ffff,71,2,4,0,0,2,0,19,36,10,0,High-area,True
2658,8919695314bffff,35,1,1,1,0,0,2,1,12,18,0,High-area,True
2702,891969c9c2fffff,20,1,0,0,0,1,0,1,12,6,0,Low-area,True
2722,89196824d63ffff,38,1,0,0,0,2,0,7,27,2,0,High-area,True
2760,89196953257ffff,18,2,0,0,1,1,0,4,10,2,0,Low-area,True
2778,891969531d7ffff,90,2,1,0,1,2,0,19,59,8,0,High-area,True
2872,891969c8b2fffff,93,3,4,2,1,1,2,15,57,10,1,High-area,True
2968,891969531a7ffff,8,1,0,0,0,0,0,0,2,6,0,Low-area,True
3006,89196952667ffff,89,4,14,2,2,1,5,5,46,14,0,High-area,True
3096,8919695246bffff,68,2,4,2,2,1,2,8,44,5,0,High-area,True
3164,89196953043ffff,75,1,0,0,1,1,1,10,57,5,0,High-area,True
3239,89196952357ffff,9,2,0,0,0,0,0,2,7,0,0,Low-area,True
3248,8919695301bffff,38,2,0,2,0,1,2,10,18,5,0,High-area,True
3286,891969c9d07ffff,56,2,3,1,1,5,0,13,28,5,0,High-area,True
3342,8919695266fffff,98,1,9,4,4,0,0,29,38,13,1,High-area,True
3547,891969530b7ffff,97,2,2,1,1,0,0,6,83,4,0,High-area,True
3656,89196953173ffff,60,2,6,0,1,0,0,11,24,18,0,High-area,True
3818,891969c8acfffff,59,3,6,1,0,1,0,21,25,5,0,High-area,True
3877,891969c99cbffff,37,1,2,1,1,2,0,3,21,7,0,High-area,True
3914,8919682400fffff,1,1,0,0,0,0,0,0,1,0,0,Low-area,True
3915,891969c9e2bffff,45,2,2,0,1,0,0,3,36,3,0,High-area,True
3960,89196952677ffff,86,3,6,2,1,0,1,11,55,10,0,High-area,True
4062,891969521cbffff,57,2,2,5,0,0,0,21,24,5,0,High-area,True
4119,891969c9957ffff,91,1,5,6,2,3,2,18,41,14,0,High-area,True
4210,8919682419bffff,1,1,0,0,0,0,0,0,1,0,0,Low-area,True
4211,891969535a7ffff,99,1,12,3,0,0,2,51,27,4,0,High-area,True
4327,891969c9eafffff,33,2,1,2,0,7,0,5,16,2,0,High-area,True
4360,891968269cbffff,12,2,0,0,1,0,0,8,3,0,0,Low-area,True
4402,89196953523ffff,86,3,5,2,0,0,0,35,38,6,0,High-area,True
4488,89196953153ffff,84,6,14,4,3,1,1,15,36,10,0,High-area,True
4572,89196953637ffff,82,3,9,3,2,2,1,16,39,10,0,High-area,True
4657,891969536c7ffff,44,1,3,1,1,3,0,5,24,7,0,High-area,True
4701,891969524d7ffff,88,3,0,2,1,0,3,4,69,9,0,High-area,True
4789,8919695262bffff,90,1,12,3,0,0,0,26,35,14,0,High-area,True
4879,89196824d73ffff,99,1,2,0,7,0,1,17,59,12,1,High-area,True
4980,891969c9b0bffff,99,1,15,2,4,0,6,47,20,5,0,High-area,True
5079,891969c9e6fffff,29,4,2,0,1,0,3,5,17,1,0,Low-area,True
5135,89196824d7bffff,94,2,8,1,1,2,0,34,47,1,0,High-area,True
5282,89196953087ffff,97,2,19,8,2,0,4,20,39,5,0,High-area,True
5388,89196826a33ffff,10,1,1,0,0,1,0,5,3,0,0,Low-area,True
5504,891969cd627ffff,65,3,1,0,0,2,1,10,41,10,0,High-area,True
5570,891969c9a2fffff,82,2,0,2,3,0,1,15,48,13,0,High-area,True
5652,891969c982fffff,69,1,8,4,3,0,4,16,30,4,0,High-area,True
5721,891969c9bd7ffff,93,4,7,5,2,0,3,11,61,4,0,High-area,True
5829,891969c9e97ffff,38,2,1,0,0,1,1,8,25,2,0,High-area,True
5867,891969c989bffff,50,3,1,0,0,3,0,5,32,9,0,High-area,True
5917,89196824d2fffff,60,3,0,1,0,4,0,6,45,4,0,High-area,True
5979,8919695263bffff,88,1,14,1,0,2,2,13,49,7,0,High-area,True
6067,891969c9b03ffff,93,3,9,14,3,2,6,6,49,4,0,High-area,True
6192,89196826b0bffff,63,3,2,0,1,6,0,19,30,5,0,High-area,True
6255,891969514c7ffff,16,1,0,0,0,0,2,6,8,0,0,Low-area,True
6271,891969c9aafffff,86,2,6,0,4,3,1,10,60,2,0,High-area,True
6357,89196953227ffff,13,1,0,0,0,0,2,2,6,3,0,Low-area,True
6374,89196952453ffff,84,2,2,3,0,1,2,10,55,11,0,High-area,True
6458,891969c9d2bffff,28,3,0,1,1,2,1,4,17,2,0,Low-area,True
6490,89196953077ffff,73,2,4,0,1,4,2,26,33,3,0,High-area,True
6563,891969c9e5bffff,27,1,0,1,0,0,0,10,16,0,0,Low-area,True
6629,8919695304bffff,52,3,10,1,0,2,0,12,23,4,0,High-area,True
6681,8919695362fffff,65,3,13,1,3,0,0,11,34,3,0,High-area,True
6755,891969522b3ffff,70,4,6,1,2,1,2,7,38,13,0,High-area,True
6901,891969536cbffff,45,3,3,1,2,3,2,7,22,5,0,High-area,True
6946,891969522cfffff,86,5,5,0,1,0,1,14,53,12,0,High-area,True
7032,891969c9a0bffff,17,2,2,2,0,1,1,0,6,5,0,Low-area,True
7049,891969c996fffff,13,2,1,0,1,0,0,1,8,2,0,Low-area,True
7062,89196824dbbffff,72,2,0,1,1,1,2,10,50,7,0,High-area,True
7134,8919695358fffff,98,3,8,5,12,0,4,32,30,7,0,High-area,True
7405,891969c9ec3ffff,35,2,0,0,0,1,0,11,19,4,0,High-area,True
7445,891969521d7ffff,54,2,12,0,0,0,2,12,25,3,0,High-area,True
7509,89196952353ffff,5,1,1,0,0,0,1,1,2,0,0,Low-area,True
7514,891969c9c2bffff,45,1,3,2,0,1,0,23,14,2,0,High-area,True
7559,891969c9c0bffff,4,1,0,0,0,0,0,0,1,3,0,Low-area,True
7563,891969534dbffff,87,1,2,1,0,1,1,15,53,14,0,High-area,True
7744,891969c9ecbffff,32,1,0,0,0,0,0,10,20,2,0,High-area,True
7777,89196824913ffff,44,3,1,1,0,1,0,7,27,7,0,High-area,True
7829,891969c8a4fffff,51,1,1,0,2,0,0,9,33,6,0,High-area,True
7984,891969c9963ffff,60,2,1,0,1,0,2,3,49,4,0,High-area,True
8044,891969c9ba7ffff,60,2,15,6,4,3,3,6,18,5,0,High-area,True
8104,89196952257ffff,79,3,7,0,0,0,0,25,40,7,0,High-area,True
8200,891969536b3ffff,21,1,2,1,1,0,0,7,6,4,0,Low-area,True
8315,89196826a37ffff,28,1,0,0,0,0,0,5,21,2,0,Low-area,True
8350,89196953277ffff,71,6,3,1,0,3,1,11,38,14,0,High-area,True
8424,891969c9897ffff,42,3,0,2,0,1,0,4,25,10,0,High-area,True
8466,8919695344fffff,54,2,5,4,1,0,1,9,27,7,0,High-area,True
8520,891969c983bffff,47,1,3,3,1,0,2,6,27,5,0,High-area,True
8567,891969c9a67ffff,76,2,3,3,1,0,1,12,47,9,0,High-area,True
8643,8919695312fffff,89,2,7,0,2,0,0,17,58,5,0,High-area,True
8733,89196953103ffff,12,1,0,0,0,1,0,1,5,5,0,Low-area,True
8745,891969cd657ffff,82,4,3,3,0,2,0,11,51,12,0,High-area,True
8827,89196953433ffff,86,3,11,7,1,0,4,11,48,4,0,High-area,True
8913,89196953053ffff,61,5,6,2,0,6,0,8,34,5,0,High-area,True
8974,89196953407ffff,90,1,9,8,2,0,1,17,44,9,0,High-area,True
9081,891969c9847ffff,22,1,1,2,2,1,0,4,12,0,0,Low-area,True
9103,891969c9807ffff,97,3,2,4,0,0,2,15,68,6,0,High-area,True
9200,89196826947ffff,45,1,0,0,0,0,1,4,36,4,0,High-area,True
9245,89196826967ffff,71,1,4,1,2,4,0,36,22,2,0,High-area,True
9316,89196826977ffff,43,2,3,0,0,0,1,5,32,2,0,High-area,True
9402,89196953613ffff,36,1,0,0,2,0,0,3,25,6,0,High-area,True
9438,8919695322bffff,29,2,0,0,1,2,0,8,12,6,0,Low-area,True
9467,891969c9177ffff,18,1,1,1,0,0,0,2,11,3,0,Low-area,True
9485,89196952603ffff,94,2,1,7,0,1,1,8,70,6,0,High-area,True
9580,89196826b2fffff,12,1,0,1,0,0,0,5,5,1,0,Low-area,True
9592,89196824dafffff,77,2,1,0,1,2,1,39,24,9,0,High-area,True
9671,891969c9a4bffff,53,2,1,2,1,1,0,8,33,7,0,High-area,True
9727,89196953503ffff,96,2,9,4,11,2,4,6,52,8,0,High-area,True
9861,891969c985bffff,54,1,3,13,3,0,1,13,20,1,0,High-area,True
9915,89196824d3bffff,56,1,0,0,0,4,1,10,36,5,0,High-area,True
9981,891969c8b47ffff,19,3,2,1,0,0,0,2,10,3,1,Low-area,True
10094,891969c9ec7ffff,33,1,1,0,0,2,2,6,19,3,0,High-area,True
10277,891969534bbffff,67,3,1,5,0,3,1,4,43,10,0,High-area,True
10344,891969536cfffff,22,2,1,1,2,1,1,2,13,1,0,Low-area,True
10371,89196953397ffff,90,2,4,2,0,0,3,12,65,3,1,High-area,True
10467,891969c9ea3ffff,30,2,0,0,0,0,0,4,20,6,0,High-area,True
10497,89196950407ffff,24,1,0,0,1,0,0,2,21,0,0,Low-area,True
10521,891969521d3ffff,50,1,0,1,0,1,1,5,35,7,0,High-area,True
10571,891969cd643ffff,74,2,5,1,0,0,1,29,32,6,0,High-area,True
10645,891969533c7ffff,1,1,0,0,0,0,0,0,1,0,0,Low-area,True
10646,891969c9d57ffff,26,2,1,0,0,1,2,5,6,11,0,Low-area,True
10685,8919695200fffff,25,1,0,0,0,1,1,5,12,6,0,Low-area,True
10811,891969532b3ffff,24,1,1,0,0,0,0,10,10,3,0,Low-area,True
10839,891969524c7ffff,91,3,0,2,3,1,3,4,70,8,0,High-area,True
10930,891969c9dcbffff,53,4,0,1,0,1,1,5,41,4,0,High-area,True
10984,8919695226fffff,54,3,5,0,3,5,3,7,29,2,0,High-area,True
11039,89196953267ffff,31,2,0,0,0,1,0,7,16,7,0,High-area,True
11070,891969c8b5bffff,20,3,3,0,0,0,0,3,11,3,0,Low-area,True
11090,891969cd663ffff,24,2,0,0,0,0,0,3,19,1,1,Low-area,True
11114,891969cd607ffff,16,1,0,1,0,1,0,1,13,0,0,Low-area,True
11130,89196952593ffff,90,4,0,1,0,0,2,15,63,9,0,High-area,True
11224,891968249cfffff,38,1,0,1,0,0,1,8,26,2,0,High-area,True
11290,8919682498bffff,59,2,0,0,0,2,0,21,29,7,0,High-area,True
11355,89196953027ffff,97,2,0,1,0,0,0,17,69,10,0,High-area,True
11452,89196953633ffff,47,1,0,1,0,4,0,10,28,4,0,High-area,True
11499,891969c9c33ffff,21,2,0,2,0,1,0,2,16,0,0,Low-area,True
11520,891969c8a1bffff,34,1,0,0,0,1,1,13,18,1,0,High-area,True
11554,891969526a7ffff,85,2,13,3,1,1,0,16,38,13,0,High-area,True
11639,89196953017ffff,81,2,2,0,1,1,2,12,56,7,0,High-area,True
11757,891969520cbffff,76,4,8,2,1,0,1,16,41,7,0,High-area,True
11836,89196826eabffff,4,1,0,0,0,0,0,0,4,0,0,Low-area,True
11840,89196953387ffff,97,3,4,2,2,0,0,16,67,6,0,High-area,True
12000,891969cd637ffff,68,5,6,0,0,1,1,27,25,8,0,High-area,True
12174,891969cd60fffff,82,3,4,4,1,0,1,13,46,13,0,High-area,True
12256,891968269cfffff,48,3,0,0,0,1,0,6,37,4,0,High-area,True
12311,891969c9ed7ffff,31,1,0,0,0,3,0,8,17,3,0,High-area,True
12342,89196952407ffff,34,1,0,2,0,3,0,3,22,4,0,High-area,True
12376,891969c8ad7ffff,26,1,0,2,0,4,0,4,13,3,0,Low-area,True
12402,891969523cbffff,10,2,0,1,0,0,1,2,6,0,0,Low-area,True
12547,891969526b7ffff,87,6,8,3,1,0,0,28,40,7,0,High-area,True
12634,89196953067ffff,49,3,0,3,0,1,0,6,35,4,0,High-area,True
12704,8919695223bffff,61,4,3,1,1,1,0,7,31,17,0,High-area,True
12765,8919695356bffff,99,2,2,1,0,0,1,5,76,14,0,High-area,True
12960,891969c9167ffff,52,2,5,0,0,1,0,8,29,9,0,High-area,True
13012,891969c9b13ffff,95,2,4,3,7,3,5,12,54,7,0,High-area,True
13114,8919695345bffff,83,2,9,2,2,3,1,14,41,11,0,High-area,True
13198,89196826c63ffff,20,2,0,0,0,1,0,3,16,0,0,Low-area,True
13311,891969c9927ffff,96,1,8,6,2,1,3,9,51,16,0,High-area,True
13407,8919695206fffff,24,1,1,1,0,1,1,9,11,0,0,Low-area,True
13436,8919682684bffff,5,2,0,0,0,0,0,0,5,0,0,Low-area,True
13441,89196824cb3ffff,25,2,0,0,0,2,0,9,11,3,0,Low-area,True
13466,891969c9d17ffff,63,3,2,0,1,4,1,10,40,5,0,High-area,True
13529,89196953417ffff,88,2,3,1,0,0,1,12,55,16,0,High-area,True
13617,891969c9db7ffff,10,1,0,0,0,1,0,1,3,5,0,Low-area,True
13627,891968269c7ffff,32,3,1,0,1,1,0,1,27,1,0,High-area,True
13659,891969c9923ffff,82,1,3,9,2,2,1,10,48,7,0,High-area,True
13741,891969c9ac3ffff,46,8,1,0,2,0,0,8,35,0,0,High-area,True
13787,891969c98bbffff,47,1,2,5,0,1,0,12,26,1,0,High-area,True
13834,89196826923ffff,42,4,3,4,1,2,1,4,23,4,0,High-area,True
13906,891968249d7ffff,39,1,0,0,0,1,0,6,26,6,0,High-area,True
13949,891969c9d73ffff,58,2,1,1,1,1,0,15,33,6,0,High-area,True
14007,89196824d6fffff,54,3,0,0,0,1,0,12,36,5,0,High-area,True
14061,89196953547ffff,91,2,2,6,4,1,2,17,55,4,0,High-area,True
14162,891969c9eb3ffff,16,2,0,0,0,2,0,2,11,1,0,Low-area,True
14178,89196826b8bffff,12,1,0,0,0,0,1,5,5,1,0,Low-area,True
14190,891969c8b2bffff,16,2,0,0,1,0,0,1,14,0,0,Low-area,True
14206,89196824da3ffff,75,3,0,0,1,3,0,10,50,11,0,High-area,True
14281,891969c8a13ffff,22,2,0,0,1,0,0,3,18,0,0,Low-area,True
14311,89196826a2bffff,63,1,0,0,1,0,2,15,45,0,0,High-area,True
14422,89196826a8fffff,8,5,1,0,0,0,1,0,6,0,0,Low-area,True
14430,89196826a07ffff,24,1,1,1,2,1,0,8,8,3,0,Low-area,True
14454,891969c98c3ffff,16,1,0,0,0,1,0,2,11,2,0,Low-area,True
14470,891969c9dabffff,21,1,0,0,0,1,0,6,11,3,0,Low-area,True
14496,89196953497ffff,89,2,7,3,0,1,2,6,57,13,0,High-area,True
14585,89196953193ffff,93,1,16,2,1,1,2,49,19,3,0,High-area,True
14678,89196953557ffff,88,1,3,2,2,0,1,15,62,3,0,High-area,True
14766,891968249dbffff,24,1,0,0,0,3,1,4,12,4,0,Low-area,True
14790,89196953177ffff,49,2,4,1,0,1,0,1,32,10,0,High-area,True
14839,891969520d3ffff,74,2,4,5,0,0,4,6,32,23,0,High-area,True
14913,8919682685bffff,11,1,1,1,0,0,0,2,7,0,0,Low-area,True
14924,891969c991bffff,89,2,10,2,2,0,1,16,56,1,1,High-area,True
15013,8919695318fffff,59,4,5,2,3,0,0,4,37,8,0,High-area,True
15072,8919695306fffff,30,4,1,0,0,0,0,1,24,4,0,High-area,True
15102,89196950697ffff,94,3,2,0,0,1,0,13,72,6,0,High-area,True
15197,89196952087ffff,59,4,1,3,0,0,1,5,38,11,0,High-area,True
15256,891969536dbffff,68,1,4,2,0,3,3,25,23,8,0,High-area,True
15324,89196826ebbffff,2,1,0,0,0,0,0,0,2,0,0,Low-area,True
15326,891969c99c7ffff,82,1,15,0,1,0,2,13,46,5,0,High-area,True
15408,89196950693ffff,58,2,0,0,0,0,0,5,49,4,0,High-area,True
15466,89196826b63ffff,42,3,0,0,1,3,0,4,29,5,0,High-area,True
15510,8919695227bffff,25,1,2,2,0,1,2,5,9,4,0,Low-area,True
15584,891969535bbffff,88,2,8,5,0,1,5,12,48,9,0,High-area,True
15672,89196824d93ffff,18,1,1,1,0,0,0,2,10,4,0,Low-area,True
15690,8919695208bffff,77,4,2,1,0,0,1,3,59,11,0,High-area,True
15767,89196953553ffff,81,3,1,4,1,0,4,14,49,7,1,High-area,True
15848,89196826907ffff,100,1,1,2,0,0,0,22,72,3,0,High-area,True
15948,891969c9c63ffff,11,1,0,0,1,0,0,2,7,1,0,Low-area,True
15962,891969531afffff,33,3,2,1,2,1,0,6,15,5,1,High-area,True
15995,8919695348bffff,24,4,1,2,1,2,0,5,13,0,0,Low-area,True
16019,8919695202bffff,6,1,0,0,0,0,1,0,1,4,0,Low-area,True
16025,89196953517ffff,96,1,14,2,15,3,4,7,39,11,1,High-area,True
16121,891968249c7ffff,46,1,0,1,0,0,0,5,34,6,0,High-area,True
16167,8919695302fffff,64,1,2,0,1,0,2,7,48,4,0,High-area,True
16237,8919682690fffff,44,4,0,1,1,0,0,4,35,3,0,High-area,True
16281,891969526d3ffff,71,2,6,5,4,1,21,4,28,2,0,High-area,True
16363,891969c9e0bffff,51,1,0,0,0,0,0,15,34,2,0,High-area,True
16425,89196826e2fffff,27,1,0,0,0,0,0,3,24,0,0,Low-area,True
16468,891969c9dc7ffff,9,1,0,0,0,0,0,3,5,1,0,Low-area,True
16477,89196824db3ffff,48,1,0,0,0,0,0,1,37,10,0,High-area,True
16525,891969c8b23ffff,21,1,0,0,0,0,0,2,17,2,0,Low-area,True
16636,891969c9a27ffff,90,1,3,7,1,0,1,6,63,9,0,High-area,True
16726,891969523c7ffff,88,3,4,2,1,0,1,10,61,9,0,High-area,True
16814,89196826b17ffff,23,2,1,1,0,0,0,5,15,1,0,Low-area,True
16843,89196826d2bffff,42,1,1,1,1,0,0,1,35,3,0,High-area,True
16885,8919695368bffff,50,1,3,0,1,0,0,13,23,10,0,High-area,True
16935,89196826ab7ffff,3,1,0,0,0,0,0,1,2,0,0,Low-area,True
16939,891969531dbffff,72,3,9,3,0,0,0,24,34,2,0,High-area,True
17011,891969530dbffff,81,2,10,3,5,1,0,13,39,10,0,High-area,True
17095,8919695354fffff,20,2,0,0,0,0,4,0,15,1,0,Low-area,True
17115,89196952597ffff,68,1,1,0,0,0,1,4,52,10,0,High-area,True
17192,89196953073ffff,84,1,6,1,1,1,2,29,35,9,0,High-area,True
17276,891968269d3ffff,23,1,1,0,0,0,0,7,14,1,0,Low-area,True
17299,89196826b93ffff,1,1,0,0,0,0,0,0,1,0,0,Low-area,True
17300,891969c9c6bffff,12,1,1,0,1,0,0,0,9,1,0,Low-area,True
17312,891969c99d3ffff,84,1,8,3,1,2,3,17,45,5,0,High-area,True
17427,8919695256fffff,18,1,0,0,0,0,0,1,7,10,0,Low-area,True
17445,891969522a7ffff,23,1,1,1,1,0,2,1,16,1,0,Low-area,True
17468,891969520cfffff,83,6,1,2,1,0,0,7,66,6,0,High-area,True
17554,891969c9a07ffff,73,3,1,5,4,1,1,10,42,9,0,High-area,True
17627,891969c9bafffff,84,1,4,5,5,0,5,9,47,9,0,High-area,True
17711,8919695327bffff,39,6,0,0,1,1,0,5,31,1,0,High-area,True
17750,891969cab4fffff,12,1,0,0,0,2,0,0,9,1,0,Low-area,True
17809,891969532c7ffff,82,2,11,5,0,3,0,14,39,10,0,High-area,True
17891,891968241d7ffff,1,1,0,0,0,0,0,0,1,0,0,Low-area,True
17892,891969c9833ffff,80,3,21,6,1,0,0,18,27,7,0,High-area,True
17976,891969530cbffff,48,3,3,0,4,0,0,4,27,10,0,High-area,True
18024,891969c9b23ffff,91,1,21,8,5,0,4,27,24,2,0,High-area,True
18115,891969c9e0fffff,53,3,1,0,1,1,0,16,33,0,1,High-area,True
18181,89196826973ffff,65,2,6,0,1,1,2,12,35,8,0,High-area,True
18372,8919695247bffff,96,1,16,3,1,0,1,50,24,1,0,High-area,True
18499,891969506bbffff,57,3,0,0,0,1,0,9,39,8,0,High-area,True
18558,89196953383ffff,97,2,2,2,1,0,0,27,60,5,0,High-area,True
18655,891969533d3ffff,8,1,0,0,0,1,0,0,6,1,0,Low-area,True
18671,89196953693ffff,32,1,3,0,0,1,1,9,15,3,0,High-area,True
18707,89196826953ffff,67,5,1,6,2,1,0,13,37,6,1,High-area,True
18774,891969c9913ffff,98,1,6,4,1,1,1,28,48,9,0,High-area,True
18872,8919695231bffff,62,4,0,1,1,2,0,10,48,0,0,High-area,True
18935,891969535dbffff,91,1,12,8,3,0,1,23,36,8,0,High-area,True
19026,8919695340fffff,97,2,9,1,4,0,2,16,55,10,0,High-area,True
19123,891969c9b7bffff,96,1,10,3,0,1,0,49,28,5,0,High-area,True
19323,891969520abffff,53,2,2,1,0,1,1,1,42,5,0,High-area,True
19376,8919682693bffff,50,2,1,1,1,1,1,5,28,12,0,High-area,True
19469,89196953097ffff,89,4,4,6,0,0,1,8,56,14,0,High-area,True
19559,891969cd673ffff,90,4,5,1,0,1,2,17,57,7,0,High-area,True
19649,89196953157ffff,83,6,1,1,1,1,0,1,72,6,0,High-area,True
19732,89196824d87ffff,22,1,0,3,0,0,1,0,4,14,0,Low-area,True
19754,891969c9dcfffff,7,2,0,0,0,1,1,2,3,0,0,Low-area,True
19784,891969c9c47ffff,16,2,1,0,0,1,0,0,7,7,0,Low-area,True
19800,89196953273ffff,77,3,0,0,0,3,0,7,60,7,0,High-area,True
19877,891969522a3ffff,89,4,1,1,3,0,1,8,67,8,0,High-area,True
20068,891969536abffff,52,2,0,2,1,1,2,8,28,10,0,High-area,True
20120,89196826b27ffff,63,4,4,0,1,1,0,26,24,7,0,High-area,True
20183,89196826d67ffff,11,1,0,0,0,2,0,4,5,0,0,Low-area,True
20226,891969c9a6bffff,96,3,2,4,1,0,2,19,63,5,0,High-area,True
20322,891969c9aa3ffff,99,2,8,4,2,1,2,9,65,8,0,High-area,True
20421,8919695245bffff,92,2,5,4,4,0,2,14,59,4,0,High-area,True
20513,891969530a3ffff,93,4,0,0,0,0,0,4,86,3,0,High-area,True
20756,8919695341bffff,87,2,0,1,0,0,1,22,54,9,0,High-area,True
20843,891969535b7ffff,93,2,2,4,1,0,3,12,59,12,0,High-area,True
20961,891969c993bffff,95,1,1,7,1,1,1,12,60,12,0,High-area,True
21056,891969c9943ffff,62,2,4,4,5,1,2,11,23,12,0,High-area,True
21122,89196953037ffff,88,1,6,2,0,4,0,12,53,10,1,High-area,True
21210,8919695229bffff,93,3,3,3,2,0,0,13,58,14,0,High-area,True
21304,891969cd05bffff,15,3,0,1,0,0,1,0,11,1,1,Low-area,True
21319,89196953687ffff,50,3,6,0,1,1,2,10,22,8,0,High-area,True
21371,891968269c3ffff,55,3,3,0,1,1,0,2,46,2,0,High-area,True
21458,891969c98c7ffff,66,1,1,1,1,1,0,19,37,5,1,High-area,True
21524,891969c9da3ffff,21,1,0,0,1,1,0,1,16,2,0,Low-area,True
21549,891969c9e43ffff,36,3,0,0,0,0,0,11,25,0,0,High-area,True
21585,8919695351bffff,94,3,6,2,5,0,13,12,51,5,0,High-area,True
21679,89196953013ffff,82,7,5,5,0,1,3,18,42,8,0,High-area,True
21781,89196953137ffff,57,5,1,1,0,0,0,9,39,7,0,High-area,True
21843,89196952457ffff,82,4,0,1,1,2,0,12,53,13,0,High-area,True
21925,8919695260bffff,79,6,4,9,2,0,2,4,47,11,0,High-area,True
22005,89196953683ffff,44,3,0,0,2,0,1,13,23,5,0,High-area,True
22049,89196824d0fffff,44,2,0,2,0,5,0,6,27,4,0,High-area,True
22093,8919695346fffff,52,2,5,3,1,1,1,10,28,3,0,High-area,True
22145,8919695069bffff,66,5,1,0,0,0,0,4,46,15,0,High-area,True
22211,891969cd647ffff,91,2,2,0,0,3,1,11,63,11,0,High-area,True
22302,891969c9c6fffff,46,1,0,2,1,2,2,6,27,6,0,High-area,True
22348,891969506b3ffff,27,1,0,1,0,2,1,4,15,4,0,Low-area,True
22380,891969532d7ffff,29,2,0,0,0,3,0,2,23,1,0,Low-area,True
22409,89196826d7bffff,40,2,2,0,0,0,1,13,24,0,0,High-area,True
22449,891969526cbffff,85,5,5,2,4,0,2,16,47,9,0,High-area,True
22546,8919695355bffff,93,1,24,4,1,0,3,27,31,3,0,High-area,True
22641,89196953133ffff,79,3,10,3,0,0,1,13,44,8,0,High-area,True
22720,89196826927ffff,94,1,18,2,0,0,1,37,31,5,0,High-area,True
22814,89196953487ffff,80,2,2,2,1,0,1,8,51,15,0,High-area,True
22894,891969c9b77ffff,98,2,15,11,8,1,9,21,27,6,0,High-area,True
22992,89196953403ffff,85,3,1,3,0,0,2,17,47,15,0,High-area,True
23080,89196952657ffff,97,2,2,2,4,0,1,10,65,13,0,High-area,True
23177,89196953437ffff,98,2,26,5,3,0,0,39,23,2,0,High-area,True
23281,891969c98dbffff,28,3,0,2,0,3,0,9,13,1,0,Low-area,True
23309,891969c9e03ffff,47,3,1,2,0,3,0,14,25,2,0,High-area,True
23455,89196953047ffff,88,2,0,2,3,1,3,7,62,10,0,High-area,True
23543,89196953353ffff,25,2,1,0,0,1,0,4,19,0,0,Low-area,True
23568,89196953283ffff,38,1,0,1,1,2,0,8,18,8,0,High-area,True
23630,89196953627ffff,37,1,0,0,1,3,0,6,22,5,0,High-area,True
23712,8919695204bffff,76,4,3,3,0,1,2,7,49,11,0,High-area,True
23788,891969526b3ffff,89,2,9,5,5,2,2,23,36,7,0,High-area,True
23877,891969520d7ffff,72,4,4,0,2,0,0,4,53,9,0,High-area,True
24172,891969c8ac7ffff,54,4,0,1,3,4,0,9,30,7,0,High-area,True
24234,891969534c7ffff,77,4,6,2,0,2,0,22,36,9,0,High-area,True
24311,891969c9e27ffff,83,2,4,8,5,0,2,17,44,3,0,High-area,True
24498,891969531d3ffff,84,2,0,0,3,0,0,11,44,26,0,High-area,True
24582,891969c9d6fffff,58,1,2,0,0,0,0,9,38,9,0,High-area,True
24640,891969533b3ffff,6,1,1,0,0,0,0,1,1,3,0,Low-area,True
24646,8919695309bffff,78,4,2,5,2,2,2,12,48,5,0,High-area,True
24724,89196826993ffff,93,6,2,1,0,1,0,25,56,8,0,High-area,True
24817,891969c9c43ffff,15,1,0,1,0,0,1,0,11,2,0,Low-area,True
24832,891968241cbffff,7,1,1,0,0,0,0,1,4,1,0,Low-area,True
24839,8919695040fffff,20,1,3,0,0,0,0,0,17,0,0,Low-area,True
24859,891969523cfffff,86,6,6,3,0,1,3,9,60,4,0,High-area,True
24945,89196824d37ffff,90,1,11,1,0,3,0,40,28,7,0,High-area,True
25047,891969c912bffff,31,1,0,3,0,2,0,6,16,4,0,High-area,True
25078,89196952083ffff,54,5,2,2,1,0,0,3,40,6,0,High-area,True
25132,891969c9eb7ffff,23,2,0,0,0,0,1,7,13,2,0,Low-area,True
25155,89196952443ffff,94,2,4,1,1,1,0,17,63,7,0,High-area,True
25249,8919695248bffff,53,1,0,1,1,0,1,4,45,1,0,High-area,True
25495,8919695319bffff,74,4,0,0,1,0,1,12,52,8,0,High-area,True
25591,8919695343bffff,77,4,2,3,7,2,0,7,42,14,0,High-area,True
25668,89196952233ffff,83,3,6,4,1,0,3,14,49,6,0,High-area,True
25755,891969c9c23ffff,37,2,0,1,0,2,1,4,24,5,0,High-area,True
25795,89196953217ffff,40,1,0,0,0,0,1,8,28,3,0,High-area,True
25835,891969c9d77ffff,24,2,0,2,0,1,1,2,13,5,0,Low-area,True
25859,89196824983ffff,68,1,2,1,0,1,0,21,37,6,0,High-area,True
25927,891969c9a17ffff,85,2,7,7,1,4,0,13,44,9,0,High-area,True
26019,891969533c3ffff,54,4,3,1,1,1,0,3,41,3,1,High-area,True
26089,89196826e0bffff,2,1,0,0,0,0,0,0,2,0,0,Low-area,True
26094,8919695220fffff,70,4,2,1,0,0,0,20,37,10,0,High-area,True
26165,891969520b3ffff,15,1,0,0,0,0,1,2,5,7,0,Low-area,True
26180,89196826b03ffff,52,2,2,0,1,5,1,7,35,1,0,High-area,True
26232,89196953543ffff,95,1,14,5,3,0,6,18,38,11,0,High-area,True
26327,89196824d2bffff,83,1,5,0,0,0,0,29,42,7,0,High-area,True
26410,89196824d03ffff,28,2,0,0,0,5,0,7,15,1,0,Low-area,True
26438,89196826957ffff,75,2,0,1,0,1,1,10,60,2,0,High-area,True
26513,8919695324bffff,89,2,2,1,2,2,0,19,51,12,0,High-area,True
26608,89196953533ffff,92,2,11,3,2,1,1,23,42,9,0,High-area,True
26715,89196952417ffff,51,3,1,2,1,0,0,10,32,5,0,High-area,True
26766,891969531c3ffff,75,1,1,4,1,1,0,17,40,11,0,High-area,True
26841,89196952207ffff,76,4,3,2,1,1,0,11,50,8,0,High-area,True
26920,891969c988fffff,44,2,2,2,0,3,1,4,28,4,0,High-area,True
26964,891969522abffff,83,2,8,1,0,0,0,14,45,15,0,High-area,True
27047,891969c9953ffff,65,3,3,2,1,2,2,20,28,7,0,High-area,True
27114,89196826997ffff,87,4,2,4,3,1,0,16,55,5,1,High-area,True
27296,891969c9b2fffff,95,1,15,7,4,4,4,13,37,11,0,High-area,True
27399,891969c9ecfffff,41,2,1,1,0,3,0,12,21,3,0,High-area,True
27440,891969526c7ffff,91,2,9,6,9,0,1,9,48,9,0,High-area,True
27572,891968268b7ffff,30,4,0,1,1,1,0,5,18,4,0,High-area,True
27602,891969c9d7bffff,31,1,3,1,0,0,1,9,17,0,0,High-area,True
27670,891969c9d47ffff,50,1,1,0,0,3,0,16,20,10,0,High-area,True
27720,89196952553ffff,95,3,2,1,0,0,1,2,80,9,0,High-area,True
27816,891968249bbffff,59,1,1,0,0,1,4,7,37,9,0,High-area,True
27875,8919682696fffff,60,1,8,0,0,3,0,25,19,5,0,High-area,True
27935,891969c9163ffff,37,2,0,0,0,0,1,7,25,4,0,High-area,True
27972,891969c8a47ffff,13,2,0,0,0,0,0,2,10,0,1,Low-area,True
27985,8919695265bffff,98,1,32,23,2,0,4,15,17,5,0,High-area,True
28195,8919695261bffff,91,3,17,3,6,1,8,10,42,4,0,High-area,True
28286,8919695234fffff,5,1,0,0,0,0,0,0,3,2,0,Low-area,True
28291,89196953297ffff,80,3,7,0,2,1,0,39,26,5,0,High-area,True
28371,891969520dbffff,83,3,8,1,0,1,1,34,32,6,0,High-area,True
28454,89196826c0fffff,2,2,0,0,0,0,0,0,2,0,0,Low-area,True
28487,89196950447ffff,61,2,0,0,3,1,0,5,44,8,0,High-area,True
28548,89196953393ffff,48,3,0,2,2,0,1,11,28,4,0,High-area,True
28596,891969c990fffff,87,1,3,1,0,1,1,5,63,13,0,High-area,True
28694,8919695354bffff,88,3,10,3,1,0,2,24,39,9,0,High-area,True
28785,89196950413ffff,29,3,0,0,0,0,0,2,24,3,0,Low-area,True
28836,89196953413ffff,80,2,12,3,1,0,4,19,34,7,0,High-area,True
28916,89196826aa3ffff,5,2,0,0,0,0,0,0,5,0,0,Low-area,True
28923,891969c9373ffff,15,1,0,0,0,0,0,7,8,0,0,Low-area,True
28938,8919695347bffff,85,4,5,3,2,1,3,13,50,8,0,High-area,True
29072,89196826b4bffff,35,2,1,0,0,0,1,7,23,3,0,High-area,True
29108,89196826bb7ffff,51,2,2,2,1,2,1,9,30,4,0,High-area,True
29159,891969c9b4bffff,86,3,5,0,2,0,5,9,53,12,0,High-area,True
29257,891969c9ac7ffff,62,9,3,2,0,0,0,16,41,0,0,High-area,True
29319,891969c9d1bffff,36,2,2,1,0,3,0,8,19,3,0,High-area,True
29355,891969c9d4fffff,10,1,0,0,1,0,1,0,8,0,0,Low-area,True
29453,8919695350bffff,89,2,1,2,1,0,1,15,47,22,0,High-area,True
29641,891969c98a3ffff,20,1,3,1,0,1,4,2,7,2,0,Low-area,True
29661,891969c8b27ffff,40,4,0,2,0,2,1,5,27,3,0,High-area,True
29701,89196953163ffff,63,1,2,0,0,0,0,5,43,13,0,High-area,True
29764,891969c9d27ffff,61,1,0,1,1,3,0,22,27,7,0,High-area,True
29826,89196824d33ffff,37,2,3,1,0,1,1,14,13,4,0,High-area,True
29882,89196952673ffff,85,1,2,4,0,0,1,15,57,5,1,High-area,True
30012,891969c916bffff,56,2,0,1,0,4,1,12,33,5,0,High-area,True
30068,891969532c3ffff,59,1,4,3,0,2,1,7,28,14,0,High-area,True
30127,891969c9967ffff,49,1,0,4,1,0,1,5,34,4,0,High-area,True
30176,89196952223ffff,16,2,2,0,0,0,0,1,10,3,0,Low-area,True
30192,89196953423ffff,80,2,2,5,0,0,0,16,45,12,0,High-area,True
30272,891969c9e13ffff,53,3,4,2,0,0,2,17,20,8,0,High-area,True
30325,891969c99cfffff,74,2,4,3,1,2,0,11,47,6,0,High-area,True
30403,891969c9d3bffff,81,2,5,4,0,2,0,23,40,7,0,High-area,True
30484,89196950453ffff,37,1,2,0,0,0,1,6,21,7,0,High-area,True
30521,891969c9e17ffff,63,2,3,3,0,1,0,25,26,5,0,High-area,True
30626,89196826abbffff,3,1,2,0,0,0,0,0,1,0,0,Low-area,True
30629,89196824993ffff,27,2,0,2,0,1,0,3,19,2,0,Low-area,True
30656,891969c8ad3ffff,33,2,0,1,0,1,0,7,18,6,0,High-area,True
30693,89196952027ffff,28,1,1,0,1,4,0,7,14,1,0,Low-area,True
30721,891969533dbffff,45,1,0,0,0,2,0,7,32,4,0,High-area,True
30860,891969534d7ffff,55,3,3,2,1,2,0,10,27,10,0,High-area,True
30915,8919695300bffff,96,3,9,1,0,1,1,50,30,3,1,High-area,True
31013,8919695303bffff,77,7,6,5,2,0,2,13,45,4,0,High-area,True
31096,89196952277ffff,59,4,4,4,3,0,1,2,38,7,0,High-area,True
31155,8919695207bffff,44,2,1,1,0,3,0,10,27,2,0,High-area,True
31199,8919695344bffff,34,1,6,1,0,1,1,6,15,4,0,High-area,True
31237,891969c9ba3ffff,97,1,6,10,4,0,4,11,56,6,0,High-area,True
31353,8919695304fffff,51,1,1,2,1,2,0,3,35,7,0,High-area,True
31404,89196952253ffff,86,3,4,1,1,1,1,14,54,10,0,High-area,True
31490,891969c9abbffff,11,2,2,0,0,0,1,0,8,0,0,Low-area,True
31501,8919695325bffff,91,4,4,0,0,1,0,25,54,7,0,High-area,True
31593,891969522c3ffff,87,1,10,4,0,0,4,21,39,9,0,High-area,True
31685,89196953143ffff,52,4,2,1,0,0,0,3,27,19,0,High-area,True
31737,89196952003ffff,38,3,0,0,0,0,1,10,22,5,0,High-area,True
31775,891969536a3ffff,68,3,1,2,4,6,0,8,37,10,0,High-area,True
31843,891969c9b9bffff,22,1,0,1,1,0,2,2,13,3,0,Low-area,True
31865,89196952213ffff,80,3,1,1,1,1,2,11,52,11,0,High-area,True
31945,891969c98b7ffff,28,2,0,0,0,0,3,1,22,2,0,Low-area,True
31975,89196952473ffff,88,3,9,9,0,1,2,23,41,3,0,High-area,True
32063,891969c9b83ffff,87,1,10,15,10,1,4,3,38,6,0,High-area,True
32150,89196826d8fffff,8,1,0,0,0,0,0,1,7,0,0,Low-area,True
32159,8919695306bffff,45,2,2,1,1,4,2,9,22,4,0,High-area,True
32292,8919682692bffff,40,2,0,2,0,4,1,8,20,5,0,High-area,True
32335,89196824d07ffff,52,1,5,3,0,2,2,16,20,4,0,High-area,True
32436,891968249d3ffff,49,3,0,1,0,1,0,14,29,4,0,High-area,True
32561,89196826943ffff,13,2,0,0,0,0,0,1,9,3,0,Low-area,True
32579,89196952693ffff,90,2,3,7,3,1,3,8,48,17,0,High-area,True
32670,891969c9ea7ffff,47,3,0,0,0,3,1,5,29,9,0,High-area,True
32717,891969533cbffff,75,9,4,2,0,2,1,6,58,1,1,High-area,True
32792,89196824d77ffff,41,2,0,1,2,4,0,4,26,4,0,High-area,True
32833,891969c9b43ffff,92,2,3,4,5,0,4,29,40,7,0,High-area,True
32925,89196953197ffff,69,4,0,1,1,1,1,1,50,14,0,High-area,True
32994,89196952403ffff,42,5,2,0,1,0,2,5,30,2,0,High-area,True
33064,89196826917ffff,30,1,1,2,1,0,1,1,20,3,1,High-area,True
33122,891969534a7ffff,84,4,6,3,2,0,4,12,46,11,0,High-area,True
33304,89196953563ffff,98,1,1,1,0,1,2,4,83,6,0,High-area,True
33402,891969c9817ffff,65,2,6,0,1,1,0,26,26,5,0,High-area,True
33467,891969521cfffff,36,2,0,1,1,0,1,9,22,2,0,High-area,True
33503,89196952647ffff,85,2,6,3,4,2,3,5,49,13,0,High-area,True
33610,89196953083ffff,83,4,1,1,0,0,0,16,53,12,0,High-area,True
33697,891969520a3ffff,23,1,2,2,0,0,2,1,5,11,0,Low-area,True
33720,891969526afffff,89,3,13,5,0,2,2,16,38,13,0,High-area,True
33809,8919695215bffff,44,2,1,5,1,0,0,2,34,1,0,High-area,True
33853,891969c99c3ffff,66,1,0,2,1,1,1,11,40,10,0,High-area,True
33919,891969c9d03ffff,27,1,0,0,0,4,0,6,11,6,0,Low-area,True
33946,8919682698bffff,14,4,0,0,0,1,0,0,11,2,0,Low-area,True
33960,89196826937ffff,59,4,4,4,0,5,2,9,32,3,0,High-area,True
34019,891969522afffff,59,5,1,7,0,0,0,4,37,10,0,High-area,True
34078,8919695246fffff,60,2,3,9,1,2,1,8,30,6,0,High-area,True
34140,891969c9bc3ffff,83,1,4,4,3,0,5,10,52,5,0,High-area,True
34272,891969535c7ffff,94,1,14,5,1,0,2,16,47,9,0,High-area,True
34418,891969c8a43ffff,50,2,0,2,0,1,0,7,35,5,0,High-area,True
34484,891969c9a37ffff,85,1,5,1,9,2,2,12,39,15,0,High-area,True
34569,8919695302bffff,74,4,2,1,1,4,0,8,50,8,0,High-area,True
34654,89196950443ffff,65,2,5,0,3,0,1,16,31,9,0,High-area,True
34719,8919695240fffff,63,4,1,0,0,2,2,8,46,4,0,High-area,True
34782,891969521c3ffff,42,2,0,0,0,0,2,16,20,4,0,High-area,True
34962,89196952283ffff,70,6,0,2,1,0,4,11,45,7,0,High-area,True
35036,891969c9b63ffff,96,2,0,1,2,0,0,9,78,6,0,High-area,True
35202,891969526c3ffff,78,2,8,6,3,0,4,8,38,11,0,High-area,True
35280,891969c9c37ffff,20,1,0,0,0,1,0,1,15,3,0,Low-area,True
35308,89196826b57ffff,12,1,0,0,0,1,0,1,10,0,0,Low-area,True
35320,891969c994bffff,27,1,4,1,0,2,1,3,12,3,1,Low-area,True
35347,8919695068fffff,84,4,2,0,0,1,2,10,63,6,0,High-area,True
35433,891968249c3ffff,43,3,0,0,2,3,0,5,28,5,0,High-area,True
35476,891969c9907ffff,31,3,0,2,0,1,0,2,22,4,0,High-area,True
35507,891969526d7ffff,88,1,4,4,9,3,2,18,38,10,0,High-area,True
35595,891969c9dc3ffff,13,2,0,0,0,0,0,1,12,0,0,Low-area,True
35625,89196953493ffff,91,2,6,13,0,0,1,6,51,14,0,High-area,True
35723,891969c9a83ffff,10,1,3,0,0,0,0,1,6,0,0,Low-area,True
35733,89196952077ffff,11,1,0,0,0,0,1,4,4,2,0,Low-area,True
35794,89196953697ffff,47,5,1,5,3,1,0,4,27,6,0,High-area,True
35841,89196952463ffff,68,2,10,2,0,2,0,18,28,8,0,High-area,True
35909,891969524d3ffff,91,2,5,2,0,3,2,16,48,15,0,High-area,True
36000,89196953537ffff,90,1,18,3,0,0,2,37,27,3,0,High-area,True
36135,891969cd60bffff,80,4,1,2,2,3,2,11,52,7,0,High-area,True
36215,89196826913ffff,39,3,6,3,1,1,4,3,19,2,0,High-area,True
36254,891969cd653ffff,38,2,0,0,0,0,2,7,22,7,0,High-area,True
36390,891969c980fffff,28,3,3,0,1,0,0,6,16,2,0,Low-area,True
36437,891968269dbffff,6,1,0,0,0,1,0,1,4,0,0,Low-area,True
36453,891969c9b67ffff,94,3,12,3,2,0,7,22,45,3,0,High-area,True
36547,89196952397ffff,99,2,4,3,1,0,0,29,61,1,0,High-area,True
36661,891969534cbffff,80,3,7,2,0,1,1,37,28,4,0,High-area,True
36764,891968249b3ffff,46,2,0,1,0,1,1,5,31,7,0,High-area,True
36810,89196952653ffff,96,1,16,3,6,0,0,16,50,5,0,High-area,True
36906,89196953567ffff,93,4,1,0,0,1,2,2,81,6,0,High-area,True
37015,8919695362bffff,76,1,5,4,1,2,2,8,41,13,0,High-area,True
37091,891969c9edbffff,21,1,0,0,0,1,1,2,13,4,0,Low-area,True
37112,891969535c3ffff,89,3,10,2,0,0,2,15,52,8,0,High-area,True
37201,89196826b6fffff,22,2,1,0,0,1,0,2,17,1,0,Low-area,True
37223,891968269a7ffff,79,2,9,3,2,2,1,20,40,2,0,High-area,True
37309,89196950687ffff,76,3,0,0,0,0,1,15,44,16,0,High-area,True
37385,89196824573ffff,4,1,0,0,0,0,0,1,3,0,0,Low-area,True
37389,89196824987ffff,41,1,0,0,0,0,0,6,29,6,0,High-area,True
37430,891969531a3ffff,2,2,0,0,0,0,0,0,2,0,0,Low-area,True
37432,891969531cfffff,78,3,1,1,0,0,1,9,54,12,0,High-area,True
37510,891968268afffff,2,1,0,0,1,0,0,0,1,0,0,Low-area,True
37527,8919695262fffff,68,3,4,1,2,0,1,10,40,10,0,High-area,True
37694,891969c9877ffff,96,3,2,4,6,0,2,13,65,4,0,High-area,True
37790,8919695356fffff,72,5,0,0,0,0,0,9,57,6,0,High-area,True
37868,891969c9a2bffff,93,3,7,6,7,0,1,15,50,7,0,High-area,True
37961,891969c98b3ffff,36,3,1,1,0,0,2,0,25,7,0,High-area,True
38030,89196953507ffff,96,1,0,9,0,0,1,4,69,13,0,High-area,True
38126,891969c938fffff,1,1,0,0,0,0,0,0,1,0,0,Low-area,True
38127,891969523c3ffff,8,2,0,0,0,0,0,1,6,1,0,Low-area,True
38135,8919695242bffff,40,1,0,1,1,3,1,7,23,4,0,High-area,True
38175,891969c9c57ffff,6,2,2,0,0,0,0,1,3,0,0,Low-area,True
38181,891969533cfffff,16,4,1,1,0,0,0,2,12,0,0,Low-area,True
38204,891969c9e9bffff,59,2,3,0,0,1,1,13,33,8,0,High-area,True
38263,8919682682fffff,32,1,0,0,1,0,0,12,18,1,0,High-area,True
38295,891969c9a13ffff,66,5,2,1,0,1,1,15,39,7,0,High-area,True
38484,8919682696bffff,63,1,5,3,2,4,0,16,26,7,0,High-area,True
38547,89196826bdbffff,20,2,0,0,0,1,0,4,15,0,0,Low-area,True
38567,891969c8a0bffff,19,1,0,0,0,1,0,0,16,2,0,Low-area,True
38586,891969522d3ffff,96,2,5,5,0,0,3,14,59,10,0,High-area,True
38682,891969c992fffff,56,4,3,4,0,0,4,4,37,4,0,High-area,True
38738,891969cd603ffff,5,1,0,0,0,0,0,1,4,0,0,Low-area,True
38743,89196952073ffff,25,1,3,0,0,1,1,7,12,1,0,Low-area,True
38769,8919695040bffff,78,2,8,0,1,1,0,11,52,5,0,High-area,True
38847,891969525cfffff,15,1,0,0,0,2,1,1,11,0,0,Low-area,True
38887,89196953287ffff,68,4,12,0,0,0,2,24,26,4,0,High-area,True
38955,891969c9a9bffff,27,1,2,1,0,0,0,4,19,1,0,Low-area,True
38982,891969522c7ffff,69,3,0,1,3,1,0,8,49,7,0,High-area,True
39098,89196824d67ffff,76,2,9,1,0,3,1,15,43,4,0,High-area,True
39174,89196824917ffff,34,1,1,0,0,0,1,4,24,4,0,High-area,True
39208,891969c9ad7ffff,74,4,5,1,2,0,0,14,51,1,0,High-area,True
39282,89196952063ffff,58,3,0,1,1,0,0,4,46,6,0,High-area,True
39342,89196953457ffff,35,1,2,2,1,0,3,7,14,6,0,High-area,True
39377,89196953473ffff,90,3,9,11,1,2,1,32,25,9,0,High-area,True
39469,89196952663ffff,92,4,4,5,1,2,0,7,67,6,0,High-area,True
39561,89196826b2bffff,40,2,0,0,0,3,0,12,18,7,0,High-area,True
39612,891969c9d23ffff,34,1,0,1,2,3,0,3,23,2,0,High-area,True
39646,89196824d17ffff,30,3,0,2,1,1,1,3,17,5,0,High-area,True
39676,891969c9a63ffff,60,5,1,9,0,1,0,14,32,3,0,High-area,True
39736,891969c9aabffff,75,4,1,1,0,3,0,13,48,9,0,High-area,True
39811,891969cd667ffff,6,1,0,0,0,0,0,0,6,0,0,Low-area,True
39817,89196952287ffff,83,5,5,3,4,1,2,7,45,16,0,High-area,True
39900,89196826b4fffff,40,3,0,1,0,2,1,11,23,2,0,High-area,True
39940,891969522bbffff,76,1,1,6,0,0,2,16,41,10,0,High-area,True
40041,891969c9e1bffff,38,1,1,0,1,1,0,12,17,6,0,High-area,True
40079,891969535d7ffff,92,2,5,12,4,3,3,9,48,8,0,High-area,True
40173,891969534d3ffff,92,1,2,3,0,2,1,17,62,5,0,High-area,True
40265,89196952227ffff,12,1,0,0,0,0,0,0,5,7,0,Low-area,True
40277,891969c9d53ffff,16,2,0,0,0,1,0,1,12,2,0,Low-area,True
40293,891969c9ed3ffff,22,2,1,0,0,1,0,5,12,3,0,Low-area,True
40315,89196826983ffff,71,8,2,5,1,1,1,5,51,5,0,High-area,True
40386,8919682692fffff,64,1,7,2,3,1,0,15,33,3,0,High-area,True
40569,89196953183ffff,77,5,1,0,0,0,5,3,60,8,0,High-area,True
40646,89196824547ffff,5,1,0,0,0,0,0,0,5,0,0,Low-area,True
40665,891969cd62fffff,23,4,0,0,0,2,0,5,14,2,0,Low-area,True
40695,891969522cbffff,91,3,12,3,2,2,1,25,36,10,0,High-area,True
40786,8919695314fffff,12,1,0,0,0,0,1,0,3,8,0,Low-area,True
40798,891969c9b0fffff,99,1,12,2,2,0,7,28,46,2,0,High-area,True
40907,8919695208fffff,78,3,0,0,0,0,1,6,56,15,0,High-area,True
41002,8919695316fffff,50,1,1,0,0,0,0,2,44,3,0,High-area,True
41152,891969c9c67ffff,77,3,5,3,0,2,0,25,36,6,0,High-area,True
41229,89196826b7bffff,36,2,0,0,0,2,1,5,27,1,0,High-area,True
41299,891969534abffff,82,1,4,5,3,0,2,19,36,13,0,High-area,True
41382,891969532cbffff,25,1,0,0,0,2,0,7,13,3,0,Low-area,True
41506,891969534cfffff,75,3,2,3,0,0,4,9,44,13,0,High-area,True
41581,89196953447ffff,70,1,5,8,2,0,3,14,31,7,0,High-area,True
41651,891969cd677ffff,66,4,0,1,0,0,0,6,57,2,0,High-area,True
41717,89196826b0fffff,58,3,3,0,1,1,0,21,29,3,0,High-area,True
41775,89196953463ffff,87,2,6,3,0,1,0,20,48,9,0,High-area,True
41862,8919695317bffff,69,9,0,0,1,0,0,3,65,0,0,High-area,True
41931,89196953107ffff,96,2,19,0,0,1,1,7,64,4,0,High-area,True
42027,891969c9c77ffff,31,2,2,0,0,2,0,5,20,2,0,High-area,True
42058,891969c8a9bffff,7,1,0,0,0,0,0,2,3,2,0,Low-area,True
42065,891969c9e8fffff,25,1,0,2,0,0,1,1,13,8,0,Low-area,True
42218,89196952633ffff,85,1,3,6,7,1,3,10,34,21,0,High-area,True
42303,891969536bbffff,67,1,0,2,2,3,0,12,39,9,0,High-area,True
42402,891969c9b17ffff,97,1,20,5,10,6,9,27,16,4,0,High-area,True
42499,89196953057ffff,95,2,0,1,0,0,0,38,50,6,0,High-area,True
42595,891969524cfffff,91,2,1,2,1,0,0,10,72,5,0,High-area,True
42686,89196953003ffff,75,4,0,1,1,0,2,8,45,18,0,High-area,True
42761,8919695349bffff,45,2,4,2,2,0,0,14,13,10,0,High-area,True
42806,89196953653ffff,16,1,0,0,0,1,5,0,7,3,0,Low-area,True
42822,8919695353bffff,87,4,4,2,2,0,2,28,41,8,0,High-area,True
42909,89196826b47ffff,44,2,6,4,0,1,0,10,21,2,0,High-area,True
42957,891969526abffff,45,2,1,4,5,2,2,3,24,4,0,High-area,True
43002,89196826aabffff,9,2,0,0,0,1,0,2,5,0,1,Low-area,True
43011,89196953123ffff,71,2,1,0,0,2,1,17,46,4,0,High-area,True
43082,891969526bbffff,81,2,1,2,2,0,0,8,58,10,0,High-area,True
43171,891969c9947ffff,20,1,1,0,2,0,0,3,13,1,0,Low-area,True
43191,89196952643ffff,90,4,2,2,3,0,3,9,62,9,0,High-area,True
43281,891969c997bffff,78,2,8,12,1,3,0,6,41,7,0,High-area,True
43371,891969532b7ffff,72,2,1,0,3,3,0,14,39,12,0,High-area,True
43454,891969c8acbffff,55,2,7,0,1,6,0,11,25,5,0,High-area,True
43509,891969526dbffff,92,1,5,5,4,0,8,10,53,7,0,High-area,True
43610,89196952097ffff,22,1,1,0,0,0,0,1,15,5,0,Low-area,True
43632,891969534a3ffff,87,1,11,3,2,1,1,19,41,9,0,High-area,True
43719,8919695203bffff,7,1,0,0,0,0,0,1,6,0,0,Low-area,True
43726,891969c9b8fffff,65,2,14,6,2,4,0,27,11,1,0,High-area,True
43794,89196953607ffff,44,2,0,0,0,1,1,6,32,4,0,High-area,True
43839,891969c9e93ffff,47,2,0,0,0,0,1,6,35,5,0,High-area,True
43889,89196953263ffff,77,5,0,1,1,0,2,12,50,11,0,High-area,True
43966,891969532dbffff,96,1,14,4,1,0,0,57,14,6,0,High-area,True
44092,891969533b7ffff,13,3,0,1,0,0,2,0,6,4,0,Low-area,True
44105,891969c9e33ffff,54,4,0,2,0,1,0,6,36,9,0,High-area,True
44159,8919695300fffff,71,3,7,2,1,1,0,8,46,6,0,High-area,True
44230,89196952607ffff,87,2,4,1,3,0,4,14,42,19,0,High-area,True
44325,891969cd61bffff,23,1,2,0,0,0,2,1,18,0,0,Low-area,True
44397,891969520afffff,7,1,0,0,0,0,0,0,5,2,0,Low-area,True
44404,8919695340bffff,80,2,4,1,0,0,1,8,50,16,0,High-area,True
44571,8919695269bffff,70,5,3,1,5,1,0,9,45,6,0,High-area,True
44641,891969522b7ffff,95,4,1,2,1,0,0,7,83,1,0,High-area,True
44740,8919695320bffff,51,3,1,1,1,1,1,2,37,7,0,High-area,True
44791,89196952203ffff,84,4,1,1,1,0,0,19,46,16,0,High-area,True
44879,891969c9867ffff,22,3,1,0,2,0,0,5,14,0,0,Low-area,True
44901,89196952007ffff,52,3,1,2,2,0,2,8,28,9,0,High-area,True
44953,891969535abffff,99,1,14,4,2,0,3,22,41,13,0,High-area,True
45052,8919695260fffff,80,4,7,2,2,0,4,7,48,10,0,High-area,True
45132,89196952217ffff,90,1,6,0,2,0,0,30,39,13,0,High-area,True
45222,89196952627ffff,73,2,11,3,0,2,1,18,30,8,0,High-area,True
45295,891969c9e87ffff,40,2,2,1,0,2,2,5,26,2,0,High-area,True
45335,89196952623ffff,82,4,14,3,3,4,1,17,29,11,0,High-area,True
45417,891969c9d33ffff,16,1,1,1,0,1,1,0,9,3,0,Low-area,True
45433,89196826aafffff,6,1,0,0,0,0,0,0,5,1,0,Low-area,True
45444,89196826b33ffff,55,1,8,0,0,7,1,7,26,6,0,High-area,True
45499,8919682690bffff,78,4,8,0,1,0,4,3,58,4,0,High-area,True
45637,8919695320fffff,90,2,6,0,3,2,1,25,44,9,0,High-area,True
45727,891969c9b5bffff,69,2,4,2,4,2,0,14,39,4,0,High-area,True
45796,891969530b3ffff,75,2,0,1,0,0,4,4,63,3,0,High-area,True
45871,89196953623ffff,35,1,0,2,1,3,2,5,19,3,0,High-area,True
45906,891968249a3ffff,59,1,0,0,0,2,1,8,38,10,0,High-area,True
45965,891969c9c5bffff,42,1,2,2,0,0,1,5,31,1,0,High-area,True
46104,89196953453ffff,73,4,4,0,1,3,3,7,48,7,0,High-area,True
46177,891969530afffff,89,1,15,6,2,2,2,16,43,3,0,High-area,True
46267,89196826b77ffff,84,2,4,4,0,1,0,24,44,7,0,High-area,True
46351,891969cd63bffff,86,3,4,1,2,3,0,12,56,7,1,High-area,True
46442,89196952017ffff,91,3,5,0,0,0,0,40,37,9,0,High-area,True
46537,8919695359bffff,93,1,5,2,6,1,6,11,55,7,0,High-area,True
46630,89196824997ffff,56,2,4,2,0,2,1,10,34,3,0,High-area,True
46686,8919695321bffff,26,1,0,0,1,2,1,2,14,6,0,Low-area,True
46712,891969524cbffff,96,1,8,2,1,2,0,25,48,10,0,High-area,True
46808,891969c9a8bffff,91,4,3,4,3,2,1,17,57,4,0,High-area,True
46899,89196953113ffff,75,4,1,1,1,0,0,15,48,9,0,High-area,True
46974,891968249a7ffff,86,2,2,1,0,1,1,19,57,4,1,High-area,True
47066,891969534b3ffff,96,1,15,3,2,0,2,23,41,10,0,High-area,True
47286,891969530cfffff,55,2,2,0,0,0,1,3,40,9,0,High-area,True
47341,89196952047ffff,46,4,0,1,1,1,0,3,37,3,0,High-area,True
47401,8919695228fffff,80,2,2,2,0,0,0,6,65,5,0,High-area,True
47481,891969531cbffff,79,1,17,3,0,1,1,17,34,6,0,High-area,True
47569,89196826a83ffff,2,2,0,0,0,0,0,0,2,0,0,Low-area,True
47575,891969c9823ffff,76,1,13,4,2,0,0,29,23,5,0,High-area,True
47652,89196952687ffff,85,3,12,10,6,3,0,17,31,6,0,High-area,True
47737,891969524bbffff,40,1,0,1,1,0,0,4,31,3,0,High-area,True
47777,891969536b7ffff,50,1,5,2,2,3,4,7,22,5,0,High-area,True
47829,8919695323bffff,81,3,1,1,0,4,2,23,39,11,0,High-area,True
47910,8919682694bffff,41,4,0,0,0,1,0,0,37,3,0,High-area,True
48043,891969cd67bffff,11,1,0,0,0,0,0,0,10,1,0,Low-area,True
48080,891969c8a5bffff,72,2,9,3,0,2,0,25,26,7,0,High-area,True
48152,891969504cbffff,99,1,14,0,0,2,2,55,19,7,0,High-area,True
48251,891969524abffff,5,1,0,0,0,0,0,0,5,0,0,Low-area,True
48256,89196953207ffff,53,1,0,0,0,3,0,12,27,11,0,High-area,True
48309,89196826b73ffff,77,1,6,4,0,3,1,11,47,5,0,High-area,True
48479,89196824d27ffff,24,2,0,0,2,2,1,5,13,1,0,Low-area,True
48503,891969c8b43ffff,17,1,0,0,0,1,0,2,5,9,0,Low-area,True
48528,891969c9da7ffff,26,3,0,0,0,2,0,2,19,3,0,Low-area,True
48554,891969c9d2fffff,78,1,5,0,1,0,0,20,44,8,0,High-area,True
48644,89196826a6fffff,16,2,0,0,0,0,0,6,9,1,0,Low-area,True
48869,891969530bbffff,90,5,10,5,1,0,2,12,52,8,0,High-area,True
48959,89196826a6bffff,23,1,0,0,0,0,0,7,14,2,0,Low-area,True
48982,891969c9e83ffff,77,2,5,0,0,3,1,24,37,7,0,High-area,True
49059,89196952013ffff,90,2,2,2,1,1,1,13,53,17,0,High-area,True
49149,891969c995bffff,47,1,3,2,2,1,1,8,27,3,0,High-area,True
49202,891969c9893ffff,60,4,2,1,0,4,0,25,20,8,0,High-area,True
49262,891969c9c0fffff,22,3,0,1,0,2,0,2,15,2,0,Low-area,True
49289,891969c9803ffff,75,5,4,0,1,0,2,19,43,6,0,High-area,True
49478,8919695267bffff,93,2,2,1,1,0,5,4,72,8,0,High-area,True
49571,891969504c3ffff,72,3,6,1,0,1,1,17,40,6,0,High-area,True
49654,89196953247ffff,39,3,0,0,0,3,1,5,27,3,0,High-area,True
49771,8919695244fffff,84,3,3,6,2,2,3,8,50,10,0,High-area,True
49856,891968249b7ffff,15,1,0,0,0,1,0,2,10,2,0,Low-area,True
49871,891969532cfffff,43,2,1,1,1,2,0,4,23,11,0,High-area,True
49914,891969536a7ffff,77,1,2,1,1,1,1,8,54,9,0,High-area,True
49991,89196952247ffff,90,1,22,6,1,1,0,20,29,11,0,High-area,True
50083,89196824da7ffff,51,1,6,4,1,2,0,2,32,4,0,High-area,True
50140,89196952467ffff,77,2,7,4,1,2,0,13,44,6,0,High-area,True
50222,89196952297ffff,83,2,9,2,1,0,2,10,48,11,0,High-area,True
50348,89196952393ffff,19,1,0,0,0,0,0,2,15,2,0,Low-area,True
50367,8919695226bffff,95,3,0,0,0,0,1,4,88,2,0,High-area,True
50619,891969534c3ffff,79,5,5,2,2,2,2,10,49,7,0,High-area,True
50821,89196826b3bffff,49,2,2,5,1,1,0,7,30,3,0,High-area,True
50870,89196952043ffff,78,3,4,4,0,0,2,10,46,12,0,High-area,True
51047,8919695307bffff,90,2,0,3,2,1,1,29,48,6,0,High-area,True
51148,89196953243ffff,53,2,3,0,0,1,1,9,33,6,0,High-area,True
51201,891969504d7ffff,83,3,2,2,1,1,1,19,46,11,0,High-area,True
51284,89196826babffff,29,2,1,0,0,3,0,5,18,2,0,Low-area,True
51423,891969531c7ffff,80,2,6,1,0,0,0,9,56,8,0,High-area,True
51503,891969c8a0fffff,3,1,0,0,0,0,0,0,2,1,0,Low-area,True
51520,8919695240bffff,68,4,0,1,1,2,0,12,44,8,0,High-area,True
51588,891969c9827ffff,56,3,1,3,2,2,1,6,34,7,0,High-area,True
51645,891969524c3ffff,62,3,0,0,1,0,3,3,44,11,0,High-area,True
51707,89196950683ffff,72,5,0,0,0,1,1,8,51,11,0,High-area,True
51779,89196826a77ffff,45,3,0,0,0,2,0,13,30,0,0,High-area,True
51824,89196952477ffff,62,5,0,0,2,2,1,6,45,6,0,High-area,True
51887,891969535d3ffff,99,1,7,3,0,3,2,46,33,5,0,High-area,True
51990,891968248a7ffff,8,1,0,0,0,0,0,0,8,0,0,Low-area,True
52009,891969c9a23ffff,77,4,4,1,2,0,2,6,46,16,0,High-area,True
52086,891969c988bffff,25,3,0,1,0,1,1,4,16,2,0,Low-area,True
52111,891969c8a07ffff,38,2,1,0,0,1,1,4,25,6,0,High-area,True
52265,89196824cb7ffff,26,1,1,0,0,1,0,7,15,2,0,Low-area,True
52305,8919695048bffff,74,1,2,1,0,1,2,7,53,8,0,High-area,True
52379,891969c9a6fffff,89,6,2,3,0,0,3,25,45,11,0,High-area,True
52468,8919695044bffff,91,1,6,1,0,2,0,45,30,7,0,High-area,True
52638,891969c9a33ffff,83,2,10,6,2,3,1,17,29,15,0,High-area,True
52721,89196953127ffff,70,2,4,1,0,0,1,28,31,5,0,High-area,True
52791,89196953233ffff,63,3,0,1,0,0,0,12,43,7,0,High-area,True
52856,89196953213ffff,24,2,0,0,1,1,1,1,16,4,0,Low-area,True
52880,8919695363bffff,64,1,4,2,0,4,2,12,32,8,0,High-area,True
52944,8919695241bffff,74,3,1,0,1,0,1,4,62,5,0,High-area,True
53018,89196826b67ffff,55,2,1,0,0,4,0,13,31,6,0,High-area,True
53073,89196952293ffff,99,3,1,8,3,0,1,5,65,16,0,High-area,True
53172,891969c9887ffff,28,4,0,1,0,2,3,2,15,5,0,Low-area,True
53200,891969530d7ffff,11,1,1,0,0,0,0,3,6,1,0,Low-area,True
53265,89196952557ffff,21,2,2,0,0,1,0,1,16,1,0,Low-area,True
53286,89196824d6bffff,30,1,0,0,0,1,0,7,16,6,0,High-area,True
53316,8919695239bffff,88,1,5,4,1,0,2,14,52,9,1,High-area,True
53404,8919695313bffff,55,2,4,2,1,3,0,9,31,5,0,High-area,True
53514,8919695335bffff,12,1,3,0,0,0,2,1,4,2,0,Low-area,True
53526,89196952243ffff,79,4,1,0,1,0,0,6,58,13,0,High-area,True
53605,8919695329bffff,20,1,0,2,0,2,0,5,9,2,0,Low-area,True
53631,891969c9973ffff,9,1,2,1,0,0,1,1,4,0,0,Low-area,True
53640,891969c8adbffff,36,3,0,1,1,4,0,9,14,7,0,High-area,True
53676,891969530c7ffff,48,2,0,0,0,1,3,4,35,5,0,High-area,True
53725,8919695308fffff,97,1,13,3,1,2,2,8,61,7,0,High-area,True
53822,89196826bafffff,41,1,1,1,1,1,0,3,24,10,0,High-area,True
53865,891969520c7ffff,92,2,5,2,2,2,1,16,54,10,0,High-area,True
53957,8919695369bffff,14,1,0,0,0,2,0,2,7,3,0,Low-area,True
53971,891969c8ac3ffff,78,3,6,1,0,5,0,26,28,12,0,High-area,True
54050,8919695350fffff,93,4,7,7,1,1,4,0,61,12,0,High-area,True
54146,891969c9c4fffff,8,1,0,0,0,0,0,2,6,0,0,Low-area,True
54161,8919695041bffff,73,3,7,0,4,1,0,15,43,3,0,High-area,True
54234,891969523d7ffff,52,3,4,2,0,0,2,16,22,6,0,High-area,True
54286,8919695045bffff,42,2,0,1,1,0,1,10,24,5,0,High-area,True
54328,891969c9837ffff,73,1,6,2,2,0,0,25,29,9,0,High-area,True
54401,891969c9873ffff,53,2,2,2,1,0,1,8,38,1,0,High-area,True
54454,891969c982bffff,97,1,3,2,1,0,0,15,68,8,0,High-area,True
54552,891969c9883ffff,33,2,1,2,0,1,0,6,18,5,0,High-area,True
54586,891969cd633ffff,87,3,13,1,2,0,1,8,51,11,0,High-area,True
54673,8919695228bffff,82,3,11,1,2,2,0,24,35,7,0,High-area,True
54764,8919695264bffff,88,2,3,3,1,0,8,10,56,7,0,High-area,True
54852,89196826ba7ffff,96,1,14,1,0,0,0,64,11,6,0,High-area,True
54958,891969c9e23ffff,86,7,8,1,0,0,0,17,48,12,0,High-area,True
55044,89196826e27ffff,2,2,0,0,0,0,0,0,2,0,0,Low-area,True
55046,89196953023ffff,82,6,1,2,0,0,4,5,58,12,0,High-area,True
55174,8919682699bffff,14,4,1,0,0,0,0,5,8,0,0,Low-area,True
55188,89196824d0bffff,13,2,0,0,1,3,0,2,7,0,0,Low-area,True
55201,891969530abffff,95,2,6,2,0,0,0,12,65,10,0,High-area,True
55296,891969c9eabffff,35,2,1,1,0,4,1,2,23,3,0,High-area,True
55332,891969536c3ffff,40,2,0,0,3,3,0,5,22,7,0,High-area,True
55372,891969522d7ffff,87,2,2,2,1,1,0,15,51,15,0,High-area,True
55562,891969523d3ffff,41,7,3,1,2,0,0,8,23,4,0,High-area,True
55639,891969c9a8fffff,48,8,4,4,0,0,2,4,30,4,0,High-area,True
55687,891969504dbffff,56,3,1,2,0,1,0,12,33,7,0,High-area,True
55743,89196952093ffff,66,2,2,1,0,1,1,4,51,6,0,High-area,True
55810,8919695305bffff,45,3,5,0,0,4,0,12,19,5,0,High-area,True
55856,8919695044fffff,29,1,0,0,0,0,1,3,22,3,0,Low-area,True
55885,89196826963ffff,51,2,2,0,2,2,2,18,20,5,0,High-area,True
55940,89196826903ffff,97,3,4,0,0,3,1,6,78,5,0,High-area,True
56135,891969c9b57ffff,92,1,18,6,1,0,1,23,41,2,0,High-area,True
56227,891969c9bb7ffff,67,2,8,14,2,3,1,2,32,5,0,High-area,True
56294,891969532bbffff,10,1,0,0,0,0,0,3,6,1,0,Low-area,True
56309,8919695352bffff,76,3,1,0,0,0,0,15,52,8,0,High-area,True
56513,89196952617ffff,91,1,0,4,6,1,2,7,59,12,0,High-area,True
56604,8919695254bffff,21,1,2,0,0,1,0,3,13,1,1,Low-area,True
56707,891969c9b37ffff,79,1,3,1,2,1,2,10,48,12,0,High-area,True
56800,8919695068bffff,52,4,2,0,1,1,2,10,29,7,0,High-area,True
56852,8919695326fffff,19,1,0,0,0,0,1,2,13,3,0,Low-area,True
56871,89196952057ffff,28,2,0,0,1,0,1,4,13,9,0,Low-area,True
56899,891968269abffff,42,4,1,0,3,2,1,3,31,1,0,High-area,True
56946,8919682499bffff,59,2,0,0,0,2,0,12,41,4,0,High-area,True
57008,89196952413ffff,62,4,1,3,0,0,0,4,47,7,0,High-area,True
57070,89196824dabffff,81,1,9,3,0,0,1,27,36,5,0,High-area,True
57151,89196950457ffff,75,3,5,0,1,1,1,18,38,11,0,High-area,True
57228,8919695352fffff,78,4,0,2,3,1,1,4,53,14,0,High-area,True
57312,8919695311bffff,43,2,5,2,4,0,0,0,19,13,0,High-area,True
57355,89196826b1bffff,6,1,0,0,0,0,0,1,4,1,0,Low-area,True
57361,891968249cbffff,50,3,0,0,1,0,0,8,33,8,0,High-area,True
57411,89196826ba3ffff,58,3,5,1,0,2,1,13,32,4,0,High-area,True
57469,891968269afffff,69,2,5,2,3,2,1,11,37,8,0,High-area,True
57549,8919695255bffff,22,1,0,1,0,1,0,2,15,2,1,Low-area,True
57592,8919695318bffff,82,3,0,0,1,0,0,7,65,9,0,High-area,True
57674,89196952273ffff,80,4,3,1,3,3,1,13,40,16,0,High-area,True
57754,891969c9937ffff,96,1,7,1,1,2,2,14,57,12,0,High-area,True
57850,891969504cfffff,29,1,0,1,0,0,0,8,14,6,0,Low-area,True
57879,891969c98abffff,68,3,6,3,2,1,0,11,39,6,0,High-area,True
58052,891969c9a1bffff,84,1,6,6,0,1,3,25,36,7,0,High-area,True
58136,89196953293ffff,52,2,2,1,0,2,1,10,33,3,0,High-area,True
58188,8919695225bffff,74,4,5,0,6,0,3,1,50,9,0,High-area,True
58262,89196824d23ffff,86,4,5,2,3,4,0,33,29,10,0,High-area,True
58349,8919695244bffff,96,2,0,0,2,0,1,12,77,4,0,High-area,True
58445,89196953477ffff,76,3,1,4,3,1,0,8,51,8,0,High-area,True
58521,891969525a7ffff,22,2,1,0,0,1,0,3,15,2,0,Low-area,True
58543,891969c8a8bffff,18,1,0,0,0,3,0,1,13,1,0,Low-area,True
58561,89196953033ffff,88,2,8,1,1,0,2,31,42,3,0,High-area,True
58649,8919682698fffff,84,3,1,1,2,1,0,14,63,2,0,High-area,True
58734,89196953573ffff,92,4,6,1,1,0,1,11,63,9,0,High-area,True
58826,891969535a3ffff,99,2,7,3,4,0,1,29,47,7,1,High-area,True
58928,8919695209bffff,86,3,0,7,0,3,0,19,42,15,0,High-area,True
59014,891969504d3ffff,99,3,1,3,1,0,1,3,84,6,0,High-area,True
59113,89196953443ffff,77,5,4,3,1,0,1,14,49,5,0,High-area,True
59190,891969531bbffff,97,3,1,2,0,0,2,9,80,3,0,High-area,True
59311,891969c9bdbffff,92,3,1,5,5,0,6,10,64,1,0,High-area,True
59403,891969c9a03ffff,74,2,2,2,5,2,0,7,49,7,0,High-area,True
59477,89196953093ffff,87,3,3,2,1,0,1,18,49,13,0,High-area,True
59566,891969c9dafffff,36,1,1,2,0,2,0,6,20,5,0,High-area,True
59602,8919695326bffff,76,4,1,1,2,1,1,16,48,6,0,High-area,True
59678,89196953427ffff,69,3,2,6,2,2,3,3,41,10,0,High-area,True
59759,8919695339bffff,92,3,1,2,1,0,0,7,75,6,0,High-area,True
59851,89196953203ffff,58,2,0,0,0,2,2,12,32,10,0,High-area,True
59911,891969530a7ffff,80,2,4,3,0,0,0,10,51,12,0,High-area,True
59991,891969cd62bffff,37,2,0,2,0,0,0,4,30,1,0,High-area,True
60028,891969520c3ffff,92,4,15,3,1,1,0,20,43,9,0,High-area,True
60149,891969536afffff,73,4,6,2,3,6,2,16,33,5,0,High-area,True
60222,89196950403ffff,61,2,7,0,2,0,0,7,38,7,0,High-area,True
60283,891968268b3ffff,9,1,0,0,0,0,0,0,9,0,0,Low-area,True
60561,8919695357bffff,91,2,4,1,0,0,2,13,65,6,0,High-area,True
60652,89196826a63ffff,84,1,3,0,0,0,0,23,57,1,0,High-area,True
60746,89196953513ffff,93,2,12,1,2,0,7,43,26,2,0,High-area,True
60850,89196953583ffff,98,2,5,2,9,0,0,26,49,7,0,High-area,True
