,0
0,891969c892bffff
1,891969c9933ffff
2,891969cf683ffff
3,8919695268bffff
4,89196952513ffff
5,891969c8aa7ffff
6,891969c9d63ffff
7,891969cd6c7ffff
8,89196826b9bffff
9,89196824d53ffff
10,891969536d3ffff
11,89196824d13ffff
12,891969c9d93ffff
13,891968268a3ffff
14,89196953577ffff
15,891969cd0cbffff
16,89196824833ffff
17,891969c89b7ffff
18,8919682695bffff
19,8919695308bffff
20,89196952263ffff
21,89196824127ffff
22,891969c8857ffff
23,891969c8edbffff
24,8919695221bffff
25,891969c8c53ffff
26,891969514d3ffff
27,89196824ca7ffff
28,891969cd4d3ffff
29,89196826d03ffff
30,891968240b7ffff
31,89196826b53ffff
32,891969c9e63ffff
33,891969c8c03ffff
34,89196826bb3ffff
35,89196952053ffff
36,89196953343ffff
37,891968269a3ffff
38,89196953527ffff
39,89196826e5bffff
40,891969c9993ffff
41,891969c9e07ffff
42,891969c8b9bffff
43,891969c8dd3ffff
44,89196826987ffff
45,891969c9b47ffff
46,891969cf687ffff
47,891969cd4cbffff
48,89196952023ffff
49,891969525c7ffff
50,8919695248fffff
51,89196824c6fffff
52,891969cd623ffff
53,89196824db7ffff
54,891969530c3ffff
55,89196952637ffff
56,891969532abffff
57,89196950417ffff
58,891969c8c07ffff
59,891969c810bffff
60,891969c8e8fffff
61,8919695205bffff
62,89196824dcbffff
63,89196826b37ffff
64,891969c99abffff
65,891969c9ebbffff
66,891969532a7ffff
67,89196953643ffff
68,891969cf0cbffff
69,891969cd053ffff
70,8919695333bffff
71,891969521dbffff
72,89196824dc7ffff
73,891969c8e8bffff
74,89196953187ffff
75,891969c8b0fffff
76,89196826d17ffff
77,891968241b3ffff
78,891969c8aabffff
79,891969c8d13ffff
80,89196826877ffff
81,8919682450fffff
82,891969c8c3bffff
83,891969c88a3ffff
84,8919682454fffff
85,891969c8163ffff
86,891969c9e3bffff
87,891969c98d3ffff
88,89196826ab3ffff
89,891969c9c07ffff
90,89196952683ffff
91,8919695342fffff
92,8919695310fffff
93,891969c89cbffff
94,891969c9d67ffff
95,891969520bbffff
96,891969cf25bffff
97,891969c9d13ffff
98,8919682480bffff
99,891969c8b4fffff
100,891969c9e37ffff
101,89196826dabffff
102,89196952437ffff
103,8919695222bffff
104,89196953063ffff
105,891969514a3ffff
106,89196824477ffff
107,89196953587ffff
108,8919695314bffff
109,891969525d3ffff
110,891969c9c2fffff
111,89196824d63ffff
112,89196953257ffff
113,891969531d7ffff
114,89196824d4bffff
115,891969cd057ffff
116,891969c8147ffff
117,891969c8b2fffff
118,89196826a8bffff
119,89196824c3bffff
120,891969c8a77ffff
121,891969531a7ffff
122,891968245d3ffff
123,891969cabb7ffff
124,89196824d83ffff
125,891968245bbffff
126,89196952237ffff
127,89196952667ffff
128,89196826ec7ffff
129,891969c8cb3ffff
130,8919695246bffff
131,891969cf0c3ffff
132,89196953043ffff
133,89196952357ffff
134,8919695301bffff
135,891969cf633ffff
136,891969c9d07ffff
137,8919695266fffff
138,89196826a93ffff
139,89196824417ffff
140,891969c9aa7ffff
141,891969cf6abffff
142,891969530b7ffff
143,8919695200bffff
144,89196953173ffff
145,891969cd447ffff
146,89196824183ffff
147,891969c9983ffff
148,89196953597ffff
149,8919682440fffff
150,891969c8e23ffff
151,89196826da7ffff
152,891969c8acfffff
153,891969c99cbffff
154,89196953303ffff
155,8919682400fffff
156,891969c9e2bffff
157,89196952677ffff
158,891969c933bffff
159,891969c9c27ffff
160,891969c8973ffff
161,891969521cbffff
162,891969ca96fffff
163,891969c9957ffff
164,8919682419bffff
165,891969535a7ffff
166,891969c8dabffff
167,89196824473ffff
168,891969c9a4fffff
169,891969c9eafffff
170,8919695236bffff
171,891968268cbffff
172,891968269cbffff
173,89196824c93ffff
174,89196824d57ffff
175,89196953523ffff
176,89196953153ffff
177,89196953637ffff
178,89196952267ffff
179,891969536c7ffff
180,891969cf29bffff
181,891969524d7ffff
182,891969c8c13ffff
183,8919695262bffff
184,89196824d73ffff
185,891969cd04bffff
186,891969c886fffff
187,891969c9b0bffff
188,891969c9e6fffff
189,8919695224bffff
190,89196824d7bffff
191,891968245cfffff
192,891969c9b97ffff
193,891969c8a73ffff
194,89196953087ffff
195,891969c8167ffff
196,891969c994fffff
197,891969ca977ffff
198,89196826a33ffff
199,891969c88cfffff
200,891969c9b6bffff
201,89196826a0bffff
202,89196953663ffff
203,89196826dcbffff
204,891969c8b07ffff
205,891969c8937ffff
206,891969cd627ffff
207,89196952493ffff
208,891969c9a2fffff
209,89196826dbbffff
210,891969c982fffff
211,891969c9bd7ffff
212,89196826d4fffff
213,891969c8e4fffff
214,891969cd4c7ffff
215,891969c8ab7ffff
216,891969cd29bffff
217,891969c9e97ffff
218,891969c8eb3ffff
219,891969c989bffff
220,89196824d2fffff
221,89196824437ffff
222,891969c984bffff
223,8919695263bffff
224,891969c9b03ffff
225,89196824d47ffff
226,89196826b0bffff
227,89196826d8bffff
228,891969514c7ffff
229,891969c810fffff
230,891969c9aafffff
231,891969c936fffff
232,89196953227ffff
233,891969cf217ffff
234,891968248abffff
235,89196952453ffff
236,891969c9d2bffff
237,891969cab03ffff
238,891969c8363ffff
239,89196953077ffff
240,891969c9e5bffff
241,891969c912fffff
242,89196952423ffff
243,8919695304bffff
244,891969c8853ffff
245,891969cd46bffff
246,891969cd6bbffff
247,8919695362fffff
248,891969cab73ffff
249,891969c9337ffff
250,891969522b3ffff
251,891969c9d0bffff
252,891969536cbffff
253,89196826323ffff
254,891969ca92bffff
255,891969522cfffff
256,891969c9a0bffff
257,891969cd68bffff
258,891969c996fffff
259,89196824dbbffff
260,8919695358fffff
261,891969cd44bffff
262,891969c9b3bffff
263,891969c9bc7ffff
264,891969c9ec3ffff
265,891969c881bffff
266,891969c9adbffff
267,891969521d7ffff
268,891969c9d83ffff
269,891969c888bffff
270,891969c833bffff
271,891969c8d23ffff
272,89196952353ffff
273,891969c9c2bffff
274,891969c9c0bffff
275,891969534dbffff
276,89196950483ffff
277,89196952447ffff
278,891969c9ecbffff
279,891969533a3ffff
280,89196824913ffff
281,89196824d9bffff
282,891969c8863ffff
283,891969533abffff
284,891969c8a4fffff
285,891969c9bcbffff
286,89196826d57ffff
287,89196824c2fffff
288,891969c8e43ffff
289,891969c9963ffff
290,89196953333ffff
291,891969c9ba7ffff
292,891969c8917ffff
293,89196952257ffff
294,891969c8977ffff
295,89196826a4fffff
296,8919682441bffff
297,891969c9dbbffff
298,891969c8a3bffff
299,891969536b3ffff
300,8919695266bffff
301,89196826a37ffff
302,891969cd6afffff
303,891969c8b63ffff
304,8919695334bffff
305,891969c83b7ffff
306,89196826a73ffff
307,891969cf203ffff
308,89196953277ffff
309,89196826dd3ffff
310,8919682680fffff
311,891969c9897ffff
312,8919695344fffff
313,891969cf677ffff
314,891969c8d2fffff
315,891969c983bffff
316,891969c9a67ffff
317,891969cf68bffff
318,891969c8c0fffff
319,8919695312fffff
320,891969c8807ffff
321,89196953103ffff
322,8919682408bffff
323,891969cd657ffff
324,89196953433ffff
325,891969c8d8fffff
326,89196953053ffff
327,89196953407ffff
328,89196824c6bffff
329,891969525a3ffff
330,891969c9847ffff
331,891969c9807ffff
332,89196826947ffff
333,89196826967ffff
334,89196826977ffff
335,89196824087ffff
336,891969c9e57ffff
337,891969c8bc7ffff
338,89196824003ffff
339,89196826bd7ffff
340,89196953613ffff
341,8919695322bffff
342,891969c9177ffff
343,891969cd697ffff
344,89196952603ffff
345,89196952573ffff
346,89196826b2fffff
347,89196824dafffff
348,891969c8c9bffff
349,891969c8b1bffff
350,891969c9a4bffff
351,891969c88d7ffff
352,8919695330bffff
353,89196826a2fffff
354,89196953503ffff
355,89196826d73ffff
356,891969cab43ffff
357,891969c9987ffff
358,89196826d43ffff
359,8919682454bffff
360,891969c8d47ffff
361,89196826827ffff
362,891969c8a97ffff
363,891968240b3ffff
364,8919695258fffff
365,891969c985bffff
366,891969c930fffff
367,891969c8ccfffff
368,89196824d3bffff
369,891969505d3ffff
370,891969c8b47ffff
371,891969c9b53ffff
372,89196824cbbffff
373,891969c9a87ffff
374,891969c9ec7ffff
375,891969cf28fffff
376,891968245b3ffff
377,891968249abffff
378,891968268a7ffff
379,891968241afffff
380,89196826eb7ffff
381,89196953007ffff
382,891969534bbffff
383,891969536cfffff
384,891969c9dd7ffff
385,8919695234bffff
386,89196824197ffff
387,891969c8e1bffff
388,89196953397ffff
389,89196824c43ffff
390,891969c8373ffff
391,891969c9ea3ffff
392,89196950407ffff
393,891969521d3ffff
394,891969524a7ffff
395,891969c8987ffff
396,891969ca97bffff
397,891969cd643ffff
398,891969533c7ffff
399,891969c9d57ffff
400,89196952487ffff
401,891969c89abffff
402,8919695200fffff
403,8919695358bffff
404,89196824cdbffff
405,89196824133ffff
406,891969532b3ffff
407,89196824c8fffff
408,891969c8c97ffff
409,891969c8843ffff
410,891969c8333ffff
411,891969c830fffff
412,891969c8d4bffff
413,891969524c7ffff
414,891969c9dcbffff
415,891969c8e07ffff
416,8919695226fffff
417,89196824887ffff
418,891969cf66fffff
419,89196953267ffff
420,891969c884fffff
421,89196826ac7ffff
422,891969c8b5bffff
423,891969cd663ffff
424,891969cd607ffff
425,891969c8babffff
426,89196952593ffff
427,89196826d1bffff
428,891969cd6d3ffff
429,891968249cfffff
430,891969ca973ffff
431,89196826d83ffff
432,891969514d7ffff
433,891969c8e87ffff
434,89196953147ffff
435,8919682498bffff
436,891969c93a7ffff
437,89196953027ffff
438,891969cd6b7ffff
439,89196953633ffff
440,891969c9c33ffff
441,891969c8a1bffff
442,891969526a7ffff
443,89196953017ffff
444,89196826ecbffff
445,89196826cafffff
446,891969cf613ffff
447,89196826a67ffff
448,891969520cbffff
449,891969c8b0bffff
450,89196826eabffff
451,89196953387ffff
452,891969c9853ffff
453,891969cd637ffff
454,89196826acbffff
455,89196826327ffff
456,891969520a7ffff
457,89196824517ffff
458,89196826a23ffff
459,891969cd60fffff
460,891968269cfffff
461,89196826bcbffff
462,891969c9ed7ffff
463,89196952407ffff
464,891969c8ad7ffff
465,891969c894fffff
466,891969523cbffff
467,89196824c4fffff
468,89196824597ffff
469,8919682697bffff
470,89196824533ffff
471,891969c88afffff
472,891969c8a33ffff
473,89196824d5bffff
474,891969c88dbffff
475,891969c9e7bffff
476,8919695148bffff
477,891969c895bffff
478,891969c998fffff
479,891969526b7ffff
480,89196953067ffff
481,891969cf2bbffff
482,89196826a97ffff
483,8919695223bffff
484,8919695356bffff
485,891969c9b2bffff
486,891969c9167ffff
487,891969c9b13ffff
488,8919695049bffff
489,8919695345bffff
490,891969cd0dbffff
491,891969504a7ffff
492,891969c8d03ffff
493,89196826803ffff
494,891969c9313ffff
495,891969cf64bffff
496,89196826c63ffff
497,891969cd45bffff
498,89196952547ffff
499,891969c8e9bffff
500,891968245b7ffff
501,891969c8173ffff
502,891969c8e6fffff
503,8919695342bffff
504,891969cd477ffff
505,891969c9927ffff
506,8919695206fffff
507,891969525cbffff
508,8919682684bffff
509,89196824cb3ffff
510,891969c9d17ffff
511,89196953417ffff
512,891968245a7ffff
513,891969c9db7ffff
514,891969c8b53ffff
515,891968269c7ffff
516,891969c9923ffff
517,891969c9ac3ffff
518,891969c98bbffff
519,89196824ddbffff
520,89196826923ffff
521,891969c8327ffff
522,89196824007ffff
523,8919695332bffff
524,89196826d9bffff
525,891969c9e2fffff
526,891969cd6cfffff
527,891968249d7ffff
528,891969c898fffff
529,891969cf6a7ffff
530,89196952433ffff
531,891969c9d73ffff
532,8919682455bffff
533,89196824d6fffff
534,891969c896fffff
535,89196953547ffff
536,8919682451bffff
537,891969cab0bffff
538,8919695367bffff
539,891969c9d87ffff
540,891969c88cbffff
541,891969c8177ffff
542,891968268bbffff
543,891969c9eb3ffff
544,891969cd407ffff
545,891969c8307ffff
546,89196826b8bffff
547,891969c884bffff
548,891969c8b2bffff
549,89196824da3ffff
550,891969c8a13ffff
551,891969c984fffff
552,891969c8ecfffff
553,891969c8ed7ffff
554,89196826a2bffff
555,89196826dafffff
556,89196826a57ffff
557,891969c9e53ffff
558,891969c832bffff
559,891969c8827ffff
560,891969c8abbffff
561,89196826a8fffff
562,891969c8107ffff
563,891969c8d1bffff
564,891969524afffff
565,89196826a07ffff
566,891969c98c3ffff
567,89196953307ffff
568,891968241a3ffff
569,891969c9dabffff
570,8919682450bffff
571,89196953497ffff
572,891969c8da3ffff
573,89196953193ffff
574,89196953557ffff
575,891969c889bffff
576,891969cd0c3ffff
577,891968249dbffff
578,89196953177ffff
579,891969520d3ffff
580,8919682685bffff
581,891969c991bffff
582,8919695318fffff
583,891969cf257ffff
584,8919695306fffff
585,89196950697ffff
586,891969c8a8fffff
587,89196824c2bffff
588,891969c8c8bffff
589,891969c8c73ffff
590,89196952087ffff
591,891969536dbffff
592,89196826ebbffff
593,891969c99c7ffff
594,89196950693ffff
595,891969cd48bffff
596,89196826b63ffff
597,891969c816bffff
598,89196826e87ffff
599,891969c83b3ffff
600,89196826833ffff
601,8919695227bffff
602,89196826367ffff
603,891969c9c3bffff
604,89196826c07ffff
605,891969535bbffff
606,89196824d93ffff
607,89196824803ffff
608,8919695208bffff
609,89196826a5bffff
610,891969c8983ffff
611,89196953553ffff
612,89196826907ffff
613,891969c9c63ffff
614,89196824d4fffff
615,891969cf6c3ffff
616,8919695365bffff
617,891969531afffff
618,8919695348bffff
619,8919682688bffff
620,8919695202bffff
621,89196824dc3ffff
622,89196953517ffff
623,891968249c7ffff
624,891969cd69bffff
625,8919695302fffff
626,891969cd40bffff
627,8919695366fffff
628,8919682690fffff
629,891969526d3ffff
630,891969c932fffff
631,891969c9e0bffff
632,89196826e77ffff
633,891969c8ec3ffff
634,891969504bbffff
635,89196824457ffff
636,891969cf607ffff
637,89196826e2fffff
638,89196826b6bffff
639,891969c9dc7ffff
640,891969cf27bffff
641,89196824db3ffff
642,891969c8b23ffff
643,891969c8bcbffff
644,891969535b3ffff
645,891969c9a27ffff
646,891969c8d6fffff
647,891969523c7ffff
648,891969c8943ffff
649,89196826b17ffff
650,891969c9a47ffff
651,89196826d2bffff
652,8919695368bffff
653,89196826ab7ffff
654,891969c89d3ffff
655,891969531dbffff
656,891969530dbffff
657,891969c8c57ffff
658,8919695354fffff
659,89196952597ffff
660,89196826e1bffff
661,89196953073ffff
662,891968269d3ffff
663,89196826b93ffff
664,891969c9c6bffff
665,891969c9e67ffff
666,891969c99d3ffff
667,8919695243bffff
668,891969c8337ffff
669,891969c98cfffff
670,8919695256fffff
671,89196826d47ffff
672,891969522a7ffff
673,891969c9d8bffff
674,891969ca96bffff
675,891969520cfffff
676,891969c880fffff
677,891969c9a07ffff
678,891969c9bafffff
679,8919695327bffff
680,89196826e8bffff
681,891969cab4fffff
682,891968244a3ffff
683,891969cf68fffff
684,891969c999bffff
685,891969c8913ffff
686,89196826c3bffff
687,89196826ad7ffff
688,891969c885bffff
689,891969cf24fffff
690,891969cd68fffff
691,89196826c23ffff
692,8919695201bffff
693,891969532c7ffff
694,891968241d7ffff
695,891969c9833ffff
696,891969c9a97ffff
697,891969530cbffff
698,891969c9b23ffff
699,891969c9e0fffff
700,891969c891bffff
701,891969cf667ffff
702,891969c9d43ffff
703,89196826973ffff
704,891969c9bcfffff
705,891969c9ad3ffff
706,891969c9127ffff
707,8919695247bffff
708,89196826e83ffff
709,8919695328fffff
710,891969c83afffff
711,891969c8a6fffff
712,89196953313ffff
713,891969506bbffff
714,891969c8d0bffff
715,89196826d23ffff
716,89196953383ffff
717,8919682489bffff
718,891969cab2fffff
719,891969533d3ffff
720,89196824d8fffff
721,89196953693ffff
722,8919695250bffff
723,89196824d43ffff
724,891969c88b7ffff
725,89196826893ffff
726,89196826953ffff
727,891969c9913ffff
728,891969c817bffff
729,8919695231bffff
730,89196826817ffff
731,891969cf697ffff
732,89196952343ffff
733,89196951497ffff
734,891969c89bbffff
735,891969535dbffff
736,891969cf253ffff
737,89196824537ffff
738,8919695340fffff
739,891969c9b7bffff
740,891969c8963ffff
741,89196826a1bffff
742,891969c992bffff
743,891969c8bb3ffff
744,8919682488bffff
745,891968248bbffff
746,891969520abffff
747,891969c8e27ffff
748,891968240bbffff
749,891969caa6bffff
750,89196826813ffff
751,8919682693bffff
752,891969c986bffff
753,891969c8e53ffff
754,89196953097ffff
755,891969c8a17ffff
756,891969cd673ffff
757,89196953157ffff
758,89196824d87ffff
759,891969c9dcfffff
760,89196953677ffff
761,891969c9c47ffff
762,89196953273ffff
763,891969c8a4bffff
764,891969522a3ffff
765,89196824c73ffff
766,891969c8d83ffff
767,891969cf20bffff
768,89196952697ffff
769,891969c9a5bffff
770,891969cd4d7ffff
771,891969536abffff
772,89196826b27ffff
773,891969c890fffff
774,89196826d67ffff
775,891969c990bffff
776,891969c9a6bffff
777,891969c9aa3ffff
778,8919695245bffff
779,891969cd42bffff
780,891969530a3ffff
781,891969c8aa3ffff
782,891968245d7ffff
783,8919695222fffff
784,89196826c77ffff
785,8919695204fffff
786,891968241a7ffff
787,891969cd287ffff
788,891969cf207ffff
789,891968240abffff
790,89196826bcfffff
791,891969c9d6bffff
792,8919695341bffff
793,891969535b7ffff
794,8919695316bffff
795,891969c993bffff
796,891969c9943ffff
797,891969525b3ffff
798,891969c8cb7ffff
799,89196953037ffff
800,8919695229bffff
801,891969c8ddbffff
802,891969c8c37ffff
803,891969cd05bffff
804,89196953687ffff
805,891968241bbffff
806,891968244bbffff
807,891968269c3ffff
808,891969514bbffff
809,891969531b3ffff
810,89196824557ffff
811,891969c9a7bffff
812,8919682443bffff
813,891969c98c7ffff
814,891969c9da3ffff
815,89196824413ffff
816,89196824cd7ffff
817,891969c9e43ffff
818,8919695351bffff
819,89196953013ffff
820,891968269d7ffff
821,891969cab47ffff
822,89196953137ffff
823,891969c8c0bffff
824,8919682680bffff
825,89196952457ffff
826,8919695260bffff
827,89196826853ffff
828,89196953683ffff
829,89196824d0fffff
830,891969c8847ffff
831,8919695346fffff
832,8919695069bffff
833,891969cd647ffff
834,89196824897ffff
835,891969c887bffff
836,89196824463ffff
837,891969c9c6fffff
838,891969506b3ffff
839,891968269b7ffff
840,891969cab37ffff
841,89196826a0fffff
842,891969cd693ffff
843,891969532d7ffff
844,89196826d7bffff
845,891969526cbffff
846,89196952153ffff
847,891969c8377ffff
848,8919695355bffff
849,891969c987bffff
850,89196953133ffff
851,89196826927ffff
852,89196953487ffff
853,891969c9b77ffff
854,89196953403ffff
855,891969c8dafffff
856,891969cd46fffff
857,8919695338bffff
858,891969c8c1bffff
859,89196824c17ffff
860,89196826843ffff
861,891969c8bbbffff
862,891969c8c5bffff
863,89196952657ffff
864,89196953437ffff
865,89196826377ffff
866,891969c98dbffff
867,891969c9e03ffff
868,891969534afffff
869,89196953047ffff
870,89196953353ffff
871,891969cf0dbffff
872,89196953283ffff
873,891969c8e6bffff
874,89196953253ffff
875,89196953627ffff
876,891969c9c7bffff
877,89196826e07ffff
878,89196826d77ffff
879,891969c8a53ffff
880,8919695204bffff
881,891969526b3ffff
882,8919682453bffff
883,8919682633bffff
884,891969520d7ffff
885,891969c9b33ffff
886,89196824d1bffff
887,89196826b43ffff
888,891969ca967ffff
889,891969c8cafffff
890,89196826e03ffff
891,89196826e6fffff
892,891969cf2c3ffff
893,891969c9b07ffff
894,89196826c0bffff
895,891969c8b87ffff
896,891968244b3ffff
897,891969c8e63ffff
898,8919682418bffff
899,891969c8ac7ffff
900,89196826d3bffff
901,891969534c7ffff
902,891969c9e27ffff
903,891969c9917ffff
904,891969c9b1bffff
905,891969531d3ffff
906,891968240d7ffff
907,891969c9d6fffff
908,891969533b3ffff
909,8919695309bffff
910,891968268d3ffff
911,891969c8c8fffff
912,89196826993ffff
913,891969c8e13ffff
914,891969c8dc7ffff
915,891969c9c43ffff
916,891968241cbffff
917,8919695040fffff
918,891969523cfffff
919,891968268cfffff
920,89196824d37ffff
921,89196824503ffff
922,89196826823ffff
923,89196824c1bffff
924,891969c912bffff
925,8919682458bffff
926,89196952083ffff
927,891969c9eb7ffff
928,89196952443ffff
929,8919695248bffff
930,89196824c97ffff
931,89196953603ffff
932,891969524dbffff
933,89196953593ffff
934,891968268d7ffff
935,89196824083ffff
936,8919695319bffff
937,891969c93afffff
938,891969cd443ffff
939,8919695322fffff
940,8919695343bffff
941,89196952233ffff
942,8919682694fffff
943,891969c9c23ffff
944,8919682687bffff
945,891969cf053ffff
946,89196953217ffff
947,891969c9d77ffff
948,8919695336bffff
949,89196824983ffff
950,891969c9a17ffff
951,891969cf6cfffff
952,89196824893ffff
953,891969c8b13ffff
954,89196824cafffff
955,89196951493ffff
956,891969cf6dbffff
957,891969533c3ffff
958,89196826e23ffff
959,89196826e0bffff
960,891968244a7ffff
961,89196826d93ffff
962,891969cd403ffff
963,891969c93abffff
964,891969c898bffff
965,89196826897ffff
966,891969c99a3ffff
967,8919695220fffff
968,89196826a9bffff
969,891969520b3ffff
970,89196826b03ffff
971,89196953543ffff
972,89196824d2bffff
973,891969cf297ffff
974,89196824d03ffff
975,89196826957ffff
976,89196824c03ffff
977,8919695324bffff
978,891968241c3ffff
979,89196953533ffff
980,89196826d37ffff
981,89196824c83ffff
982,891969c8897ffff
983,89196826aa7ffff
984,89196826e4fffff
985,89196952417ffff
986,891969531c3ffff
987,891969cf60fffff
988,89196952207ffff
989,891969cd687ffff
990,891969c816fffff
991,891969c988fffff
992,891969522abffff
993,891969c9953ffff
994,891969c9e4fffff
995,89196826e0fffff
996,89196826997ffff
997,891969c9b4fffff
998,891969c9b8bffff
999,891969c8b03ffff
1000,89196826c27ffff
1001,891969c8d43ffff
1002,891969c9b2fffff
1003,891969c8b33ffff
1004,89196824807ffff
1005,891969c9ecfffff
1006,891969526c7ffff
1007,89196826ec3ffff
1008,891969cd463ffff
1009,89196826db7ffff
1010,89196826b07ffff
1011,891969c8d33ffff
1012,891969cf2d7ffff
1013,891968268b7ffff
1014,891969c8ca7ffff
1015,891969c9d7bffff
1016,891969c8db3ffff
1017,89196826d0bffff
1018,8919682446fffff
1019,891969c8d3bffff
1020,891969cd293ffff
1021,89196824093ffff
1022,89196953667ffff
1023,891969c9d47ffff
1024,89196952553ffff
1025,891969cab63ffff
1026,891969c8a23ffff
1027,891968249bbffff
1028,8919682696fffff
1029,891969c9163ffff
1030,8919695334fffff
1031,8919682440bffff
1032,891969cd47bffff
1033,891969c8a47ffff
1034,8919695265bffff
1035,89196826e37ffff
1036,891969535cbffff
1037,89196824c27ffff
1038,8919695261bffff
1039,8919695234fffff
1040,89196953297ffff
1041,891969520dbffff
1042,89196826c0fffff
1043,89196826883ffff
1044,8919695360fffff
1045,891969c8997ffff
1046,89196950447ffff
1047,89196953393ffff
1048,891969c990fffff
1049,891969c8bd7ffff
1050,8919695048fffff
1051,89196824c0bffff
1052,8919695354bffff
1053,89196826a47ffff
1054,89196950413ffff
1055,8919695328bffff
1056,8919682689bffff
1057,89196953413ffff
1058,891969cf62fffff
1059,89196826e47ffff
1060,89196826aa3ffff
1061,891969cd64bffff
1062,891968244afffff
1063,891969c8ebbffff
1064,891969c9373ffff
1065,8919695347bffff
1066,89196826a27ffff
1067,891969c986fffff
1068,8919695368fffff
1069,89196826b4bffff
1070,891969caba3ffff
1071,89196826bb7ffff
1072,891969c930bffff
1073,891969c9b4bffff
1074,89196824dd3ffff
1075,891969c99b7ffff
1076,89196824c87ffff
1077,891969c8c77ffff
1078,891969c9ac7ffff
1079,891969c9d1bffff
1080,89196952347ffff
1081,89196824077ffff
1082,891969c8cd3ffff
1083,891969c9d4fffff
1084,891969c88bbffff
1085,89196953657ffff
1086,89196826edbffff
1087,891969c9a57ffff
1088,891969cf62bffff
1089,891968245c3ffff
1090,8919695350bffff
1091,891969c9babffff
1092,891969c98a3ffff
1093,8919695366bffff
1094,891968245dbffff
1095,891969c8b27ffff
1096,89196826e73ffff
1097,89196953163ffff
1098,891969c8867ffff
1099,8919682459bffff
1100,891969c9d27ffff
1101,89196824033ffff
1102,891968248a3ffff
1103,89196824d33ffff
1104,891969c8813ffff
1105,891969c9d9bffff
1106,89196952673ffff
1107,89196826bd3ffff
1108,891969c9a53ffff
1109,891969c916bffff
1110,891969532c3ffff
1111,891969c9967ffff
1112,89196952223ffff
1113,89196953423ffff
1114,891969c9e13ffff
1115,891969c99cfffff
1116,89196826d33ffff
1117,891969c9d3bffff
1118,89196950453ffff
1119,891969c9e17ffff
1120,891969532a3ffff
1121,89196826abbffff
1122,89196824993ffff
1123,891969c8c4bffff
1124,89196824c63ffff
1125,891969c8ad3ffff
1126,89196826847ffff
1127,8919682683bffff
1128,8919682456bffff
1129,89196824013ffff
1130,89196952027ffff
1131,891968245afffff
1132,891969c8a83ffff
1133,891969c8d9bffff
1134,891969cababffff
1135,891969cf20fffff
1136,891969533dbffff
1137,891969c9a73ffff
1138,8919695268fffff
1139,891969534d7ffff
1140,8919695300bffff
1141,89196953647ffff
1142,891969c88abffff
1143,8919695303bffff
1144,891968241dbffff
1145,891969c8c2bffff
1146,89196952277ffff
1147,8919695207bffff
1148,8919695344bffff
1149,891969cd64fffff
1150,891969c9ba3ffff
1151,891969cf64fffff
1152,891969c8b73ffff
1153,891969cf603ffff
1154,89196826807ffff
1155,8919682686bffff
1156,89196824187ffff
1157,8919695304fffff
1158,8919682632bffff
1159,891969c899bffff
1160,89196952253ffff
1161,891969cf043ffff
1162,891969c9abbffff
1163,8919695325bffff
1164,8919682456fffff
1165,891969c8e0bffff
1166,891969c8823ffff
1167,891969c89c7ffff
1168,891969522c3ffff
1169,89196952427ffff
1170,891969c83bbffff
1171,8919682480fffff
1172,89196824583ffff
1173,89196953143ffff
1174,89196952003ffff
1175,891969cd283ffff
1176,891969caba7ffff
1177,891969536a3ffff
1178,891969c882fffff
1179,89196826e8fffff
1180,891969c9b9bffff
1181,891969cabafffff
1182,89196952213ffff
1183,891969c98b7ffff
1184,891969c893bffff
1185,89196952473ffff
1186,891969c9b83ffff
1187,89196824553ffff
1188,89196826d8fffff
1189,891969c8a87ffff
1190,8919695306bffff
1191,8919682488fffff
1192,89196953467ffff
1193,891969c8e97ffff
1194,8919695258bffff
1195,8919682692bffff
1196,89196950487ffff
1197,891969c8c47ffff
1198,89196824d07ffff
1199,891969c8ab3ffff
1200,891968245cbffff
1201,891969c98cbffff
1202,891968249d3ffff
1203,891969cd6d7ffff
1204,891969cd467ffff
1205,89196953483ffff
1206,891969cd6b3ffff
1207,89196826943ffff
1208,891969c89b3ffff
1209,891969c8e7bffff
1210,891969cab07ffff
1211,89196952497ffff
1212,89196826c67ffff
1213,891969c9307ffff
1214,8919695360bffff
1215,89196952693ffff
1216,8919682686fffff
1217,891969cf0cfffff
1218,891969c9ea7ffff
1219,891969533cbffff
1220,89196824d77ffff
1221,891969c9b43ffff
1222,89196953197ffff
1223,89196952403ffff
1224,89196824427ffff
1225,89196952483ffff
1226,891969514c3ffff
1227,891969c8b6bffff
1228,89196826917ffff
1229,89196826a13ffff
1230,891969cf6b3ffff
1231,891969524b3ffff
1232,891969534a7ffff
1233,891969c9c4bffff
1234,891969c812bffff
1235,891969caa2fffff
1236,891969c99afffff
1237,891969525c3ffff
1238,89196953563ffff
1239,891969c9817ffff
1240,891969521cfffff
1241,891969532d3ffff
1242,89196952647ffff
1243,891969c98d7ffff
1244,89196953083ffff
1245,891969c880bffff
1246,89196824137ffff
1247,891969cf04bffff
1248,891969c8137ffff
1249,891969cd0d3ffff
1250,891969520a3ffff
1251,891969526afffff
1252,8919695215bffff
1253,891969c99c3ffff
1254,891969c9d03ffff
1255,8919682698bffff
1256,89196826937ffff
1257,891969522afffff
1258,891968245a3ffff
1259,8919695246fffff
1260,891969c8eabffff
1261,891969c8e17ffff
1262,891969c8a67ffff
1263,89196826e17ffff
1264,891969c9bc3ffff
1265,89196952613ffff
1266,891969c8933ffff
1267,891969cd617ffff
1268,891969c8cdbffff
1269,891969535c7ffff
1270,89196826c73ffff
1271,891969c8a43ffff
1272,89196826e3bffff
1273,891969c8c87ffff
1274,8919695364fffff
1275,8919695249bffff
1276,89196826c7bffff
1277,891969c9a37ffff
1278,891969c81abffff
1279,891968240afffff
1280,89196824407ffff
1281,8919695302bffff
1282,891969c9863ffff
1283,89196950443ffff
1284,8919695240fffff
1285,891969521c3ffff
1286,891969c8b6fffff
1287,891969530d3ffff
1288,891969c998bffff
1289,891969c8c43ffff
1290,89196952283ffff
1291,89196824037ffff
1292,89196953363ffff
1293,891969c93c7ffff
1294,891969c9b63ffff
1295,891969c8133ffff
1296,891969c9acfffff
1297,891969526c3ffff
1298,891969c9c37ffff
1299,89196952543ffff
1300,89196826d53ffff
1301,891969525b7ffff
1302,89196951483ffff
1303,8919695237bffff
1304,891969c8b7bffff
1305,8919695338fffff
1306,891969cf6d7ffff
1307,89196826b57ffff
1308,891969c994bffff
1309,89196826e57ffff
1310,8919695068fffff
1311,89196824cabffff
1312,891969c8d37ffff
1313,891968249c3ffff
1314,891969c9907ffff
1315,891969526d7ffff
1316,891969c9dc3ffff
1317,891969c9e77ffff
1318,891969c886bffff
1319,891969c8d53ffff
1320,89196826373ffff
1321,891969c8b67ffff
1322,89196953493ffff
1323,89196824c7bffff
1324,891969cf26bffff
1325,891969c9a83ffff
1326,89196952077ffff
1327,891969c9dd3ffff
1328,891969504c7ffff
1329,89196953697ffff
1330,89196952463ffff
1331,891969524d3ffff
1332,891969c8bc3ffff
1333,8919682637bffff
1334,89196953537ffff
1335,891969c83abffff
1336,891969c8b3bffff
1337,89196824c8bffff
1338,89196826e6bffff
1339,891968269bbffff
1340,891969cd60bffff
1341,891969cd41bffff
1342,89196953377ffff
1343,89196826913ffff
1344,891969cf2b3ffff
1345,891969cab6fffff
1346,891969c830bffff
1347,891969cd653ffff
1348,891969535cfffff
1349,891969c8d8bffff
1350,891969c8e77ffff
1351,89196826d97ffff
1352,891969c980fffff
1353,891969c8a03ffff
1354,891969c8b4bffff
1355,891968269dbffff
1356,891969cab33ffff
1357,891969c8e3bffff
1358,891969c8e33ffff
1359,8919695364bffff
1360,891969c8c23ffff
1361,89196826e67ffff
1362,89196824dcfffff
1363,891969c9b67ffff
1364,89196824403ffff
1365,89196952397ffff
1366,89196824813ffff
1367,8919695256bffff
1368,891969cf6cbffff
1369,8919695346bffff
1370,891969534cbffff
1371,891969c98afffff
1372,891969c93b7ffff
1373,891968249b3ffff
1374,89196952653ffff
1375,891969c8bd3ffff
1376,89196953567ffff
1377,891969c9a43ffff
1378,891969c81a7ffff
1379,891969cab1bffff
1380,8919695362bffff
1381,891969c9edbffff
1382,891969535c3ffff
1383,89196826b6fffff
1384,891969531b7ffff
1385,891969cf627ffff
1386,89196824433ffff
1387,891968269a7ffff
1388,89196826887ffff
1389,89196953317ffff
1390,89196950687ffff
1391,89196824573ffff
1392,891969c8c33ffff
1393,89196824987ffff
1394,891969531a3ffff
1395,891969531cfffff
1396,891968268afffff
1397,891969c8947ffff
1398,8919682403bffff
1399,891969c98a7ffff
1400,8919695262fffff
1401,891969534b7ffff
1402,891969c88d3ffff
1403,891969c9877ffff
1404,8919695356fffff
1405,89196826b5bffff
1406,89196952033ffff
1407,891969c9a2bffff
1408,891969c98b3ffff
1409,891969c89cfffff
1410,89196826d6bffff
1411,891969c890bffff
1412,891968240a3ffff
1413,891969cab6bffff
1414,891969525dbffff
1415,891969cd0cfffff
1416,89196953507ffff
1417,891969c932bffff
1418,891969c938fffff
1419,891969523c3ffff
1420,891969c8bb7ffff
1421,891969c896bffff
1422,8919695242bffff
1423,891969c9c57ffff
1424,891969533cfffff
1425,89196952587ffff
1426,891969524a3ffff
1427,891969c8ea3ffff
1428,891969c9e9bffff
1429,8919682682fffff
1430,891969c9a13ffff
1431,891969c8b83ffff
1432,89196826d13ffff
1433,891969c9b6fffff
1434,89196824017ffff
1435,891969c9c1bffff
1436,891969c8a6bffff
1437,8919682696bffff
1438,89196826bdbffff
1439,891969c8a0bffff
1440,891969522d3ffff
1441,891969c992fffff
1442,891969cd603ffff
1443,89196952073ffff
1444,891969c9303ffff
1445,8919695336fffff
1446,89196826c37ffff
1447,891969c8d63ffff
1448,89196824ccfffff
1449,891969c8a7bffff
1450,89196826ea3ffff
1451,8919695040bffff
1452,891969c8ec7ffff
1453,891969525cfffff
1454,891969c996bffff
1455,89196826a17ffff
1456,891969c8123ffff
1457,891969c8877ffff
1458,89196953287ffff
1459,891969c9a9bffff
1460,891969c8ecbffff
1461,89196826eafffff
1462,891969522c7ffff
1463,891969c99d7ffff
1464,89196952037ffff
1465,89196826a87ffff
1466,89196824d67ffff
1467,891969cd457ffff
1468,89196824193ffff
1469,89196824917ffff
1470,891969c9ad7ffff
1471,891969cf2d3ffff
1472,891969c8893ffff
1473,89196952063ffff
1474,8919695361bffff
1475,89196953457ffff
1476,89196953473ffff
1477,89196826c6bffff
1478,891969cf6a3ffff
1479,891969c8d5bffff
1480,891969c8b37ffff
1481,89196952663ffff
1482,89196826b2bffff
1483,8919682483bffff
1484,891969c9d23ffff
1485,89196824d17ffff
1486,89196826e4bffff
1487,891969c9a63ffff
1488,891969c812fffff
1489,891969c88a7ffff
1490,891969c9aabffff
1491,891969cd667ffff
1492,89196952287ffff
1493,89196826b4fffff
1494,891969522bbffff
1495,89196826bc7ffff
1496,891969c8d87ffff
1497,891969504abffff
1498,89196826c2bffff
1499,891969533d7ffff
1500,89196826dd7ffff
1501,891968268abffff
1502,891969c8a37ffff
1503,891969c9e1bffff
1504,891969cd40fffff
1505,891969535d7ffff
1506,8919695330fffff
1507,891969c9843ffff
1508,891969534d3ffff
1509,89196952227ffff
1510,891969c9d53ffff
1511,891969c9ed3ffff
1512,89196826983ffff
1513,8919682692fffff
1514,89196826d63ffff
1515,89196953357ffff
1516,891969cd043ffff
1517,891969cf24bffff
1518,891969c9d37ffff
1519,89196953183ffff
1520,89196824547ffff
1521,891969520b7ffff
1522,891968241d3ffff
1523,891969cd62fffff
1524,8919695224fffff
1525,89196824c9bffff
1526,891969522cbffff
1527,8919695314fffff
1528,89196953673ffff
1529,891969c9b0fffff
1530,891969c8c93ffff
1531,891969533a7ffff
1532,8919695208fffff
1533,891969c8d93ffff
1534,89196824523ffff
1535,89196824cd3ffff
1536,8919695251bffff
1537,891969c9323ffff
1538,891969c9e6bffff
1539,891969c9d4bffff
1540,8919695316fffff
1541,89196953117ffff
1542,891969c9c67ffff
1543,89196826b7bffff
1544,8919682682bffff
1545,891969534abffff
1546,89196824587ffff
1547,891969c93a3ffff
1548,891969c8d77ffff
1549,891969532cbffff
1550,891969cd683ffff
1551,891969c9d5bffff
1552,891969cf273ffff
1553,891969cd4dbffff
1554,8919695148fffff
1555,891968245c7ffff
1556,891969c9bbbffff
1557,891969534cfffff
1558,89196953447ffff
1559,891969cd677ffff
1560,89196826b0fffff
1561,891969c8317ffff
1562,89196953463ffff
1563,8919695317bffff
1564,89196953107ffff
1565,891969c9c77ffff
1566,891969c8a9bffff
1567,891969c8d07ffff
1568,891969c9e8fffff
1569,891969c8a57ffff
1570,891969cf293ffff
1571,891969535afffff
1572,891969cf60bffff
1573,8919695259bffff
1574,8919695149bffff
1575,891969c9a93ffff
1576,891968244cfffff
1577,891969c9acbffff
1578,891969c8833ffff
1579,891969c8127ffff
1580,89196952633ffff
1581,891969cab2bffff
1582,891969c89afffff
1583,891969536bbffff
1584,891969c916fffff
1585,891969c9b17ffff
1586,89196953057ffff
1587,891969c9333ffff
1588,891969524cfffff
1589,89196953003ffff
1590,8919682442fffff
1591,891969c8e73ffff
1592,891969cf663ffff
1593,891969cf623ffff
1594,891969cf6afffff
1595,8919695349bffff
1596,891969c8923ffff
1597,89196953653ffff
1598,8919695353bffff
1599,891969cf213ffff
1600,89196826b47ffff
1601,89196826a53ffff
1602,891969c9e73ffff
1603,89196824023ffff
1604,89196826837ffff
1605,891969526abffff
1606,89196826aabffff
1607,89196953123ffff
1608,891969526bbffff
1609,89196824467ffff
1610,89196826857ffff
1611,891969c9947ffff
1612,891969cd66fffff
1613,89196952643ffff
1614,891969c997bffff
1615,891969cf637ffff
1616,891969523dbffff
1617,891969532b7ffff
1618,89196826a4bffff
1619,891969c8acbffff
1620,891969526dbffff
1621,891969525bbffff
1622,89196952097ffff
1623,891969534a3ffff
1624,89196824c67ffff
1625,8919695203bffff
1626,891969c9b8fffff
1627,891969c832fffff
1628,891969c9db3ffff
1629,891969cd4cfffff
1630,89196953607ffff
1631,891969cf243ffff
1632,891969504a3ffff
1633,891969c9e93ffff
1634,891968248d3ffff
1635,891969c99dbffff
1636,89196953263ffff
1637,891969c8cd7ffff
1638,891969532dbffff
1639,89196953367ffff
1640,89196953237ffff
1641,89196826867ffff
1642,891969533b7ffff
1643,891969c8c83ffff
1644,891969c9e33ffff
1645,8919695300fffff
1646,89196952607ffff
1647,891969c8b8fffff
1648,891969cf2cfffff
1649,891969cd61bffff
1650,891969ca963ffff
1651,891969cf617ffff
1652,891969cf057ffff
1653,891969c8d17ffff
1654,891969c8b77ffff
1655,89196826933ffff
1656,891969520afffff
1657,8919695340bffff
1658,891969526cfffff
1659,8919695269bffff
1660,891969c892fffff
1661,891969522b7ffff
1662,8919682458fffff
1663,89196826a43ffff
1664,8919695242fffff
1665,891969cd453ffff
1666,891969cab7bffff
1667,8919695320bffff
1668,89196952203ffff
1669,891969caa6fffff
1670,891969c8907ffff
1671,89196826d0fffff
1672,891969c9867ffff
1673,89196952007ffff
1674,891969535abffff
1675,8919695260fffff
1676,891969cf283ffff
1677,891969c83a7ffff
1678,89196952217ffff
1679,891969c8dbbffff
1680,8919682632fffff
1681,89196951487ffff
1682,89196952627ffff
1683,891969c83a3ffff
1684,891969c9e87ffff
1685,89196952623ffff
1686,891969c9d33ffff
1687,89196826aafffff
1688,8919682418fffff
1689,8919695202fffff
1690,89196824563ffff
1691,89196826b33ffff
1692,8919682690bffff
1693,89196826ed7ffff
1694,89196826c4fffff
1695,891969c9a0fffff
1696,891969c9e8bffff
1697,891969514b3ffff
1698,8919695320fffff
1699,891969c9b5bffff
1700,891969530b3ffff
1701,89196953623ffff
1702,891968249a3ffff
1703,891969c9c5bffff
1704,891969c9977ffff
1705,89196953453ffff
1706,891969c8e67ffff
1707,89196824577ffff
1708,891969c8ba3ffff
1709,891969530afffff
1710,891969c8b8bffff
1711,891969c8817ffff
1712,89196826b77ffff
1713,891969cf67bffff
1714,891969c8d6bffff
1715,891969cd63bffff
1716,891968240a7ffff
1717,8919682452bffff
1718,89196952017ffff
1719,89196826da3ffff
1720,89196826ac3ffff
1721,8919695359bffff
1722,89196824997ffff
1723,8919695321bffff
1724,891969524cbffff
1725,891969c8e2fffff
1726,891969c9a8bffff
1727,89196953113ffff
1728,8919682636bffff
1729,891968249a7ffff
1730,891969cab4bffff
1731,891969cf247ffff
1732,891969534b3ffff
1733,891969c8367ffff
1734,891969c8e57ffff
1735,891969c8dc3ffff
1736,891969c8b57ffff
1737,891969526a3ffff
1738,891969cf693ffff
1739,891969c8dcfffff
1740,891969cd6a3ffff
1741,891968248c7ffff
1742,891969530cfffff
1743,89196952047ffff
1744,891968241abffff
1745,89196826a03ffff
1746,8919695228fffff
1747,891969531cbffff
1748,89196826d07ffff
1749,891969cd6a7ffff
1750,891969cf28bffff
1751,89196826a83ffff
1752,8919695324fffff
1753,891969c8d27ffff
1754,891969c9823ffff
1755,891969c9903ffff
1756,89196952687ffff
1757,891969524bbffff
1758,891969cf287ffff
1759,891969536b7ffff
1760,891969c8aafffff
1761,891969c81a3ffff
1762,891969c8e0fffff
1763,8919695323bffff
1764,8919682694bffff
1765,891969522dbffff
1766,891969cd67bffff
1767,891969c8c6bffff
1768,891969c8ca3ffff
1769,891968245abffff
1770,891969c8b97ffff
1771,89196826c6fffff
1772,891969c9ddbffff
1773,891969c8a5bffff
1774,891969c8ccbffff
1775,891969c883bffff
1776,891969504cbffff
1777,891969524abffff
1778,89196953207ffff
1779,891969cf647ffff
1780,89196826b73ffff
1781,891969c9b27ffff
1782,89196824d27ffff
1783,891969c8b43ffff
1784,891969c9c73ffff
1785,891969cd66bffff
1786,891969c9c03ffff
1787,891969c9da7ffff
1788,891969cf65bffff
1789,891968244b7ffff
1790,891969c9d2fffff
1791,891968244abffff
1792,89196826e2bffff
1793,89196826a6fffff
1794,8919695220bffff
1795,89196826b97ffff
1796,89196826b13ffff
1797,8919682452fffff
1798,891969c8e47ffff
1799,891969cd6c3ffff
1800,891969c9813ffff
1801,89196826eb3ffff
1802,891969c8c6fffff
1803,891969530bbffff
1804,89196824d97ffff
1805,89196826a6bffff
1806,891969c9e83ffff
1807,89196952013ffff
1808,891969c995bffff
1809,891969c88c7ffff
1810,891969c9893ffff
1811,891969c9c0fffff
1812,891969cd6dbffff
1813,891969cf21bffff
1814,891969c8a63ffff
1815,891969525d7ffff
1816,891969c9803ffff
1817,891969c931bffff
1818,89196953223ffff
1819,89196826b23ffff
1820,8919695267bffff
1821,891969504c3ffff
1822,89196826d87ffff
1823,89196824837ffff
1824,89196953247ffff
1825,89196826d4bffff
1826,891969504b3ffff
1827,8919695312bffff
1828,891969cf66bffff
1829,89196824c47ffff
1830,8919695244fffff
1831,891968268dbffff
1832,89196826b8fffff
1833,89196826c2fffff
1834,891968249b7ffff
1835,891969532cfffff
1836,891969536a7ffff
1837,89196952247ffff
1838,89196824c07ffff
1839,8919682409bffff
1840,89196826acfffff
1841,89196824da7ffff
1842,8919682684fffff
1843,89196952467ffff
1844,89196826ddbffff
1845,89196950493ffff
1846,891969c8883ffff
1847,89196952297ffff
1848,89196826d5bffff
1849,89196824dd7ffff
1850,89196824097ffff
1851,8919695236fffff
1852,89196826dc7ffff
1853,89196953167ffff
1854,89196952393ffff
1855,8919695226bffff
1856,8919682498fffff
1857,891969cf653ffff
1858,891969c9a3bffff
1859,891969c99bbffff
1860,891969c8e37ffff
1861,891969534c3ffff
1862,891969532afffff
1863,891969c9a77ffff
1864,89196826b3bffff
1865,89196952043ffff
1866,891969cab77ffff
1867,891969c9ab7ffff
1868,891969c89a3ffff
1869,8919695307bffff
1870,891969c99a7ffff
1871,89196824ca3ffff
1872,891969c8db7ffff
1873,89196953243ffff
1874,891969504d7ffff
1875,89196826babffff
1876,891969c9c53ffff
1877,89196826d6fffff
1878,891969c9d0fffff
1879,891969531c7ffff
1880,891969c8a0fffff
1881,891969c9327ffff
1882,8919695254fffff
1883,8919695240bffff
1884,891969c9317ffff
1885,891969c9827ffff
1886,891969c8ed3ffff
1887,891969c8cabffff
1888,891969c8dcbffff
1889,891969524c3ffff
1890,89196950683ffff
1891,89196826a77ffff
1892,89196824cc3ffff
1893,891969c897bffff
1894,89196952477ffff
1895,89196826e53ffff
1896,891969c8d4fffff
1897,891969c888fffff
1898,891969535d3ffff
1899,891969cd6cbffff
1900,891968248a7ffff
1901,891969c9b93ffff
1902,891969cf6bbffff
1903,891969c9a23ffff
1904,891969c988bffff
1905,891969c8a07ffff
1906,89196826bc3ffff
1907,89196826a3bffff
1908,89196824cb7ffff
1909,8919695206bffff
1910,891969c836fffff
1911,8919695048bffff
1912,891969c9a6fffff
1913,8919695044bffff
1914,891969c8887ffff
1915,891968269b3ffff
1916,89196953617ffff
1917,891969c8cbbffff
1918,891969c9a33ffff
1919,89196953127ffff
1920,89196953233ffff
1921,8919695331bffff
1922,89196826873ffff
1923,891969c8903ffff
1924,89196953213ffff
1925,8919695363bffff
1926,8919695241bffff
1927,89196826b67ffff
1928,89196824ccbffff
1929,89196952293ffff
1930,891969c9887ffff
1931,891969c88c3ffff
1932,891969530d7ffff
1933,891969c981bffff
1934,89196826dcfffff
1935,89196952557ffff
1936,89196824d6bffff
1937,8919695239bffff
1938,8919695313bffff
1939,891969514b7ffff
1940,891969514dbffff
1941,891969504afffff
1942,891969c8967ffff
1943,8919695335bffff
1944,89196952243ffff
1945,8919695329bffff
1946,89196826c33ffff
1947,89196824c77ffff
1948,891969c88b3ffff
1949,891969cf61bffff
1950,89196826adbffff
1951,891969cd09bffff
1952,891969c9973ffff
1953,891969c8adbffff
1954,891969cd44fffff
1955,891969530c7ffff
1956,891969c8c17ffff
1957,89196826b83ffff
1958,8919695308fffff
1959,89196826bafffff
1960,8919695235bffff
1961,89196824593ffff
1962,891969520c7ffff
1963,891969c8ea7ffff
1964,8919695369bffff
1965,891969c8ac3ffff
1966,8919682688fffff
1967,8919695350fffff
1968,8919682457bffff
1969,891969c9c4fffff
1970,89196824c23ffff
1971,8919695041bffff
1972,891969c8d57ffff
1973,891969523d7ffff
1974,8919695045bffff
1975,891969c9837ffff
1976,891969c9873ffff
1977,891969c8bdbffff
1978,891969c982bffff
1979,891969cab23ffff
1980,891969c9883ffff
1981,891969c8cc7ffff
1982,891969c89d7ffff
1983,891969c8a2bffff
1984,891969c8303ffff
1985,891969cd633ffff
1986,8919695228bffff
1987,89196824c37ffff
1988,891969cd297ffff
1989,89196953347ffff
1990,891969cab67ffff
1991,8919695310bffff
1992,8919695264bffff
1993,891969c8c4fffff
1994,89196826ba7ffff
1995,89196952583ffff
1996,89196826c4bffff
1997,891969c9e23ffff
1998,8919695257bffff
1999,891969c8e5bffff
2000,891969cf6c7ffff
2001,89196826e27ffff
2002,89196953023ffff
2003,891969c9e47ffff
2004,891969c8d73ffff
2005,89196952067ffff
2006,8919682699bffff
2007,89196824d0bffff
2008,891969530abffff
2009,891969c9eabffff
2010,891969c89a7ffff
2011,89196824c33ffff
2012,891969536c3ffff
2013,891969522d7ffff
2014,891969c9bd3ffff
2015,891969cd43bffff
2016,891969c89dbffff
2017,891969cf05bffff
2018,89196826d27ffff
2019,891969c8dd7ffff
2020,8919695059bffff
2021,891969c8927ffff
2022,891969cd413ffff
2023,891969cf673ffff
2024,891969c81afffff
2025,891969c9857ffff
2026,891969cf69bffff
2027,891969523d3ffff
2028,8919695315bffff
2029,891969c9a8fffff
2030,891969504dbffff
2031,89196952093ffff
2032,891969c9377ffff
2033,89196824cc7ffff
2034,8919695305bffff
2035,891968248b3ffff
2036,891969504b7ffff
2037,89196824527ffff
2038,8919695044fffff
2039,891969c8c27ffff
2040,89196953323ffff
2041,8919682636fffff
2042,89196826963ffff
2043,891969c9367ffff
2044,891969c8eb7ffff
2045,891969cd6abffff
2046,89196950497ffff
2047,891968248b7ffff
2048,891969533afffff
2049,891969cd4c3ffff
2050,891969533bbffff
2051,891969cab27ffff
2052,89196826903ffff
2053,891969531abffff
2054,891969c8da7ffff
2055,891969c8c7bffff
2056,891969c9b57ffff
2057,891969c8957ffff
2058,891969c9bb7ffff
2059,891969532bbffff
2060,89196824c57ffff
2061,89196824c53ffff
2062,8919695352bffff
2063,891969cab17ffff
2064,891969c9997ffff
2065,8919682691bffff
2066,89196952617ffff
2067,8919695254bffff
2068,891968268c3ffff
2069,891969c882bffff
2070,89196826ecfffff
2071,89196826d2fffff
2072,891969c9d8fffff
2073,891969c813bffff
2074,891969c9b37ffff
2075,891969c980bffff
2076,891969c8ba7ffff
2077,8919695068bffff
2078,89196826e43ffff
2079,891969cd0d7ffff
2080,8919695326fffff
2081,89196952057ffff
2082,891968269abffff
2083,891969c8837ffff
2084,8919682481bffff
2085,891969cf2c7ffff
2086,8919682499bffff
2087,891969c8953ffff
2088,891969c9e4bffff
2089,891969c8d0fffff
2090,89196952413ffff
2091,89196824dabffff
2092,891969cf6d3ffff
2093,891969cab57ffff
2094,89196950457ffff
2095,89196826e7bffff
2096,89196826a7bffff
2097,8919695352fffff
2098,891969c8bcfffff
2099,891969c894bffff
2100,89196824817ffff
2101,891969c8c2fffff
2102,89196826e33ffff
2103,891969c814fffff
2104,891968241b7ffff
2105,891969cab0fffff
2106,8919695311bffff
2107,89196826b1bffff
2108,891969cab3bffff
2109,891968249cbffff
2110,891969c8993ffff
2111,89196826ba3ffff
2112,891968269afffff
2113,89196824c0fffff
2114,89196824423ffff
2115,89196826e13ffff
2116,891969cd473ffff
2117,8919695255bffff
2118,891969c9d97ffff
2119,891969c8b17ffff
2120,89196952563ffff
2121,89196824c13ffff
2122,891969c9b87ffff
2123,8919695318bffff
2124,89196952273ffff
2125,891969c9937ffff
2126,891969c8a93ffff
2127,891969504cfffff
2128,891969c8d97ffff
2129,891969c8e2bffff
2130,891969c98abffff
2131,891969cf657ffff
2132,8919695264fffff
2133,89196826e63ffff
2134,89196826ea7ffff
2135,89196826c47ffff
2136,891969c9a1bffff
2137,89196824883ffff
2138,89196953293ffff
2139,8919695225bffff
2140,89196824d23ffff
2141,89196826db3ffff
2142,8919695244bffff
2143,89196953477ffff
2144,891969525a7ffff
2145,891969c8a8bffff
2146,89196953033ffff
2147,8919682698fffff
2148,89196953373ffff
2149,8919682442bffff
2150,891969c8e4bffff
2151,891969c8a2fffff
2152,891969cd613ffff
2153,89196953573ffff
2154,891969cf2dbffff
2155,891969535a3ffff
2156,891969c8c67ffff
2157,891969c9ab3ffff
2158,891969c8a27ffff
2159,891969c8b93ffff
2160,8919695209bffff
2161,891969c8d7bffff
2162,891969cd423ffff
2163,891969c8323ffff
2164,89196826863ffff
2165,891969504d3ffff
2166,891968248d7ffff
2167,89196953443ffff
2168,891969531bbffff
2169,8919695337bffff
2170,891969c89c3ffff
2171,891969c8803ffff
2172,891969c8c63ffff
2173,891969c9bdbffff
2174,8919682408fffff
2175,891969c9a03ffff
2176,891969c99b3ffff
2177,891969cab5bffff
2178,89196953093ffff
2179,891968268c7ffff
2180,891969c8117ffff
2181,891969c9dafffff
2182,891969c8d67ffff
2183,8919695326bffff
2184,89196953427ffff
2185,89196826337ffff
2186,89196824d8bffff
2187,891969524b7ffff
2188,8919695339bffff
2189,89196953203ffff
2190,891969c8873ffff
2191,891969530a7ffff
2192,891969c8e03ffff
2193,891969cd62bffff
2194,891969c8bafffff
2195,891969520c3ffff
2196,89196826bbbffff
2197,891969c8eafffff
2198,891969536afffff
2199,89196950403ffff
2200,891968268b3ffff
2201,891969c9b73ffff
2202,89196826ad3ffff
2203,891969cd65bffff
2204,89196824507ffff
2205,891969cf2cbffff
2206,891969cf26fffff
2207,89196824543ffff
2208,89196826b87ffff
2209,891969c9bb3ffff
2210,891968248afffff
2211,89196826dc3ffff
2212,891969c8d2bffff
2213,8919695348fffff
2214,891969536d7ffff
2215,8919682681bffff
2216,891969cf63bffff
2217,891969c8e93ffff
2218,8919695357bffff
2219,891969c8e83ffff
2220,89196826a63ffff
2221,89196824567ffff
2222,89196953513ffff
2223,89196826363ffff
2224,89196824513ffff
2225,89196953583ffff
2226,891969cf643ffff
2227,891969c8cc3ffff
