betreiber,postleitzahl,breitengrad,längengrad,inbetriebnahmedatum,h3_code
SWM Versorgungs GmbH,80241,48.137018,11.456796,31/1/2020,881f8d4515fffff
SWM Versorgungs GmbH,80245,48.159746,11.445709,7/12/2018,881f8d4551fffff
SWM Versorgungs GmbH,80245,48.159701,11.445643,7/12/2018,881f8d4551fffff
SWM Versorgungs GmbH,80249,48.147492,11.419531,11/12/2018,881f8d4547fffff
SWM Versorgungs GmbH,80331,48.135646,11.580395,21/12/2017,881f8d7a49fffff
SWM Versorgungs GmbH,80331,48.135012,11.579745,19/12/2017,881f8d7a49fffff
SWM Versorgungs GmbH,80331,48.135005,11.579869,19/12/2017,881f8d7a49fffff
SWM Versorgungs GmbH,80331,48.137959,11.566801,19/12/2017,881f8d44a7fffff
SWM Versorgungs GmbH,80331,48.137941,11.566962,19/12/2017,881f8d44a7fffff
SWM Versorgungs GmbH,80331,48.133784,11.570894,19/12/2017,881f8d7a4dfffff
SWM Versorgungs GmbH,80331,48.133734,11.571055,19/12/2017,881f8d7a4dfffff
SWM Versorgungs GmbH,80331,48.142263,11.509488,28/11/2019,881f8d45c3fffff
SWM Versorgungs GmbH,80333,48.150791,11.565181,23/5/2017,881f8d44a1fffff
SWM Versorgungs GmbH,80333,48.142172,11.573254,19/12/2017,881f8d44a3fffff
SWM Versorgungs GmbH,80333,48.142133,11.573319,19/12/2017,881f8d44a3fffff
SWM Versorgungs GmbH,80333,48.140261,11.571672,19/12/2017,881f8d44a7fffff
SWM Versorgungs GmbH,80333,48.140139,11.571591,19/12/2017,881f8d44a7fffff
SWM Versorgungs GmbH,80333,48.148515,11.565492,11/6/2018,881f8d44a1fffff
SWM Versorgungs GmbH,80333,48.144191,11.569591,29/8/2018,881f8d44a3fffff
SWM Versorgungs GmbH,80333,48.144073,11.569644,29/8/2018,881f8d44a3fffff
SWM Versorgungs GmbH,80333,48.14835,11.574242,9/9/2019,881f8d44a3fffff
SWM Versorgungs GmbH,80333,48.148418,11.574032,9/9/2019,881f8d44a3fffff
SWM Versorgungs GmbH,80333,48.152162,11.56067,8/5/2019,881f8d44a9fffff
SWM Versorgungs GmbH,80333,48.152194,11.560584,8/5/2019,881f8d44a9fffff
SWM Versorgungs GmbH,80333,48.142138,11.566144,14/6/2019,881f8d44a7fffff
SWM Versorgungs GmbH,80333,48.142151,11.56598,14/6/2019,881f8d44a7fffff
SWM Versorgungs GmbH,80333,48.145036,11.559764,23/8/2019,881f8d44a1fffff
SWM Versorgungs GmbH,80335,48.14461,11.55783,12/4/2018,881f8d44a5fffff
SWM Versorgungs GmbH,80335,48.155111,11.555638,20/4/2017,881f8d44a9fffff
SWM Versorgungs GmbH,80335,48.155204,11.555799,20/4/2017,881f8d44a9fffff
SWM Versorgungs GmbH,80335,48.143776,11.554645,29/8/2018,881f8d44a5fffff
SWM Versorgungs GmbH,80335,48.143654,11.554592,29/8/2018,881f8d44a5fffff
SWM Versorgungs GmbH,80335,48.151522,11.549247,20/9/2018,881f8d44adfffff
SWM Versorgungs GmbH,80335,48.151538,11.549235,20/9/2018,881f8d44adfffff
SWM Versorgungs GmbH,80335,48.150426,11.557461,24/9/2018,881f8d44adfffff
SWM Versorgungs GmbH,80335,48.150546,11.557539,24/9/2018,881f8d44adfffff
SWM Versorgungs GmbH,80335,48.142648,11.547762,21/11/2018,881f8d45d3fffff
SWM Versorgungs GmbH,80335,48.142669,11.547975,21/11/2018,881f8d45d3fffff
Sparda-Bank München eG,80335,48.14212,11.552528,14/9/2016,881f8d44a5fffff
SWM Versorgungs GmbH,80336,48.126527,11.546448,25/7/2017,881f8d4591fffff
SWM Versorgungs GmbH,80336,48.126448,11.546245,25/7/2017,881f8d4591fffff
SWM Versorgungs GmbH,80336,48.138378,11.562418,19/12/2017,881f8d44a7fffff
SWM Versorgungs GmbH,80336,48.132602,11.558156,20/9/2018,881f8d459bfffff
SWM Versorgungs GmbH,80336,48.136313,11.56301,25/9/2018,881f8d44a7fffff
SWM Versorgungs GmbH,80336,48.136313,11.562908,25/9/2018,881f8d44a7fffff
TellusPower Europe GmbH,80336,48.135632,11.555516,16/2/2017,881f8d459bfffff
SWM Versorgungs GmbH,80337,48.132241,11.564532,30/3/2017,881f8d7a4dfffff
SWM Versorgungs GmbH,80337,48.124454,11.555571,12/9/2018,881f8d4593fffff
SWM Versorgungs GmbH,80337,48.124512,11.555611,12/9/2018,881f8d4593fffff
SWM Versorgungs GmbH,80337,48.129279,11.558353,14/12/2018,881f8d4593fffff
SWM Versorgungs GmbH,80337,48.12912,11.558315,14/12/2018,881f8d4593fffff
SWM Versorgungs GmbH,80337,48.130926,11.564887,18/11/2019,881f8d7a4dfffff
SWM Versorgungs GmbH,80337,48.130881,11.565026,18/11/2019,881f8d7a4dfffff
SWM Versorgungs GmbH,80339,48.134071,11.541792,23/5/2017,881f8d4599fffff
SWM Versorgungs GmbH,80339,48.134046,11.54176,23/5/2017,881f8d4599fffff
SWM Versorgungs GmbH,80339,48.140074,11.548004,7/11/2017,881f8d44a5fffff
SWM Versorgungs GmbH,80339,48.140225,11.548197,7/11/2017,881f8d44a5fffff
SWM Versorgungs GmbH,80339,48.127934,11.544142,24/9/2018,881f8d4591fffff
SWM Versorgungs GmbH,80339,48.127896,11.544248,24/9/2018,881f8d4591fffff
SWM Versorgungs GmbH,80339,48.13804,11.540614,8/11/2018,881f8d4599fffff
SWM Versorgungs GmbH,80339,48.137947,11.540603,8/11/2018,881f8d4599fffff
SWM Versorgungs GmbH,80339,48.134149,11.532272,18/12/2018,881f8d45d7fffff
SWM Versorgungs GmbH,80339,48.134241,11.532143,18/12/2018,881f8d45d7fffff
SWM Versorgungs GmbH,80339,48.139355,11.528226,20/12/2018,881f8d45d5fffff
SWM Versorgungs GmbH,80339,48.139277,11.528237,20/12/2018,881f8d45d5fffff
SWM Versorgungs GmbH,80469,48.132839,11.583211,20/9/2017,881f8d7a41fffff
SWM Versorgungs GmbH,80469,48.132206,11.582503,20/9/2017,881f8d7a41fffff
SWM Versorgungs GmbH,80469,48.133341,11.576387,8/8/2017,881f8d7a4dfffff
SWM Versorgungs GmbH,80469,48.133412,11.576382,8/8/2017,881f8d7a49fffff
SWM Versorgungs GmbH,80469,48.126313,11.566856,25/10/2018,881f8d4593fffff
SWM Versorgungs GmbH,80469,48.126205,11.569971,24/5/2019,881f8d7a45fffff
SWM Versorgungs GmbH,80469,48.126069,11.570057,24/5/2019,881f8d7a45fffff
SWM Versorgungs GmbH,80469,48.129889,11.577602,18/11/2019,881f8d7a41fffff
SWM Versorgungs GmbH,80469,48.129772,11.577498,18/11/2019,881f8d7a41fffff
SWM Versorgungs GmbH,80469,48.129211,11.571496,18/11/2019,881f8d7a4dfffff
SWM Versorgungs GmbH,80469,48.129141,11.57158,18/11/2019,881f8d7a4dfffff
SWM Versorgungs GmbH,80538,48.141406,11.586446,8/8/2017,881f8d44b5fffff
SWM Versorgungs GmbH,80538,48.141406,11.586446,8/8/2017,881f8d44b5fffff
SWM Versorgungs GmbH,80538,48.141392,11.586698,8/8/2017,881f8d44b5fffff
SWM Versorgungs GmbH,80538,48.139333,11.587502,20/9/2017,881f8d7a4bfffff
SWM Versorgungs GmbH,80538,48.143081,11.587041,9/5/2019,881f8d44b5fffff
SWM Versorgungs GmbH,80538,48.143006,11.586966,9/5/2019,881f8d44b5fffff
SWM Versorgungs GmbH,80538,48.144098,11.593097,14/6/2019,881f8d44b5fffff
SWM Versorgungs GmbH,80538,48.14417,11.592781,14/6/2019,881f8d44b5fffff
SWM Versorgungs GmbH,80538,48.140071,11.593543,21/6/2019,881f8d44b7fffff
SWM Versorgungs GmbH,80538,48.140168,11.593591,21/6/2019,881f8d44b7fffff
SWM Versorgungs GmbH,80538,48.145917,11.592843,19/11/2019,881f8d44b5fffff
SWM Versorgungs GmbH,80538,48.145982,11.592891,19/11/2019,881f8d44b5fffff
SWM Versorgungs GmbH,80538,48.13543,11.586162,23/12/2019,881f8d7a4bfffff
SWM Versorgungs GmbH,80538,48.135482,11.586172,23/12/2019,881f8d7a4bfffff
SWM Versorgungs GmbH,80539,48.138872,11.580909,19/12/2017,881f8d7a49fffff
SWM Versorgungs GmbH,80539,48.138861,11.581028,19/12/2017,881f8d7a49fffff
SWM Versorgungs GmbH,80539,48.143779,11.58049,26/8/2019,881f8d44a3fffff
SWM Versorgungs GmbH,80539,48.143752,11.58057,26/8/2019,881f8d44a3fffff
symCharge GmbH,80539,48.14049,11.57764,24/11/2018,881f8d7a49fffff
symCharge GmbH,80539,48.14049,11.57764,24/11/2018,881f8d7a49fffff
SWM Versorgungs GmbH,80585,48.165971,11.591821,11/6/2018,881f8d4483fffff
SWM Versorgungs GmbH,80634,48.154005,11.533477,20/3/2017,881f8d45d9fffff
SWM Versorgungs GmbH,80634,48.149152,11.536205,20/11/2018,881f8d45dbfffff
SWM Versorgungs GmbH,80634,48.149108,11.53609,20/11/2018,881f8d45dbfffff
SWM Versorgungs GmbH,80634,48.145567,11.529372,19/12/2018,881f8d45d1fffff
SWM Versorgungs GmbH,80634,48.145716,11.52962,19/12/2018,881f8d45d1fffff
SWM Versorgungs GmbH,80634,48.146687,11.531333,13/12/2018,881f8d45d1fffff
SWM Versorgungs GmbH,80634,48.146547,11.531299,13/12/2018,881f8d45d1fffff
SWM Versorgungs GmbH,80634,48.151647,11.526777,19/12/2018,881f8d45d9fffff
SWM Versorgungs GmbH,80634,48.151702,11.527268,19/12/2018,881f8d45d9fffff
SWM Versorgungs GmbH,80636,48.151385,11.544912,20/3/2017,881f8d45dbfffff
SWM Versorgungs GmbH,80636,48.159344,11.546701,8/11/2017,881f8d44e7fffff
SWM Versorgungs GmbH,80636,48.157011,11.539534,8/11/2017,881f8d44e5fffff
SWM Versorgungs GmbH,80636,48.156947,11.539464,8/11/2017,881f8d44e5fffff
SWM Versorgungs GmbH,80636,48.148934,11.545841,20/9/2018,881f8d44adfffff
SWM Versorgungs GmbH,80636,48.143347,11.537457,8/11/2018,881f8d45d3fffff
SWM Versorgungs GmbH,80636,48.143383,11.537222,8/11/2018,881f8d45d3fffff
SWM Versorgungs GmbH,80636,48.147221,11.543434,20/9/2018,881f8d45dbfffff
SWM Versorgungs GmbH,80636,48.147271,11.543349,20/9/2018,881f8d45dbfffff
SWM Versorgungs GmbH,80636,48.154122,11.541419,23/1/2019,881f8d45dbfffff
SWM Versorgungs GmbH,80636,48.154181,11.541355,23/1/2019,881f8d45dbfffff
SWM Versorgungs GmbH,80636,48.155986,11.547935,28/11/2019,881f8d44e7fffff
SWM Versorgungs GmbH,80636,48.156065,11.547834,28/11/2019,881f8d44e7fffff
Park One GmbH,80636,48.144825,11.538679,15/6/2018,881f8d45d3fffff
Park One GmbH,80636,48.144825,11.538679,15/6/2018,881f8d45d3fffff
Mercedes- Benz AG - Niederlassung München,80636,48.144642,11.536788,3/4/2019,881f8d45d1fffff
Mercedes- Benz AG - Niederlassung München,80636,48.144711,11.536458,13/8/2019,881f8d45d1fffff
Mercedes- Benz AG - Niederlassung München,80636,48.144718,11.53649,22/2/2019,881f8d45d1fffff
Mercedes- Benz AG - Niederlassung München,80636,48.1455,11.536683,8/10/2018,881f8d45d1fffff
Mercedes- Benz AG - Niederlassung München,80636,48.145256,11.536455,16/10/2018,881f8d45d1fffff
Mercedes- Benz AG - Niederlassung München,80636,48.145252,11.536495,16/10/2018,881f8d45d1fffff
Mercedes- Benz AG - Niederlassung München,80636,48.145252,11.536412,8/10/2018,881f8d45d1fffff
Mercedes- Benz AG - Niederlassung München,80636,48.145279,11.536326,8/10/2018,881f8d45d1fffff
Mercedes- Benz AG - Niederlassung München,80636,48.145416,11.536592,23/10/2019,881f8d45d1fffff
Mercedes- Benz AG - Niederlassung München,80636,48.145596,11.536613,23/10/2019,881f8d45d1fffff
SWM Versorgungs GmbH,80637,48.1533,11.53755,12/4/2018,881f8d45dbfffff
SWM Versorgungs GmbH,80637,48.161423,11.541325,8/11/2017,881f8d44e1fffff
SWM Versorgungs GmbH,80637,48.161534,11.541143,8/11/2017,881f8d44e1fffff
SWM Versorgungs GmbH,80637,48.169105,11.534445,28/9/2018,881f8d44edfffff
SWM Versorgungs GmbH,80637,48.169191,11.534581,28/9/2018,881f8d44edfffff
SWM Versorgungs GmbH,80637,48.159822,11.540385,21/11/2018,881f8d44e5fffff
SWM Versorgungs GmbH,80637,48.159957,11.540378,21/11/2018,881f8d44e5fffff
SWM Versorgungs GmbH,80637,48.163195,11.529101,5/7/2019,881f8d44edfffff
SWM Versorgungs GmbH,80637,48.163354,11.529076,5/7/2019,881f8d44edfffff
SWM Versorgungs GmbH,80637,48.162476,11.545762,25/11/2019,881f8d44e1fffff
SWM Versorgungs GmbH,80637,48.162394,11.545639,25/11/2019,881f8d44e1fffff
SWM Versorgungs GmbH,80638,48.166007,11.51855,24/10/2019,881f8d443bfffff
SWM Versorgungs GmbH,80638,48.166039,11.518668,24/10/2019,881f8d443bfffff
SWM Versorgungs GmbH,80638,48.161065,11.522237,29/10/2019,881f8d4433fffff
SWM Versorgungs GmbH,80638,48.161068,11.52225,29/10/2019,881f8d4433fffff
SWM Versorgungs GmbH,80639,48.151671,11.509649,7/12/2018,881f8d45cbfffff
SWM Versorgungs GmbH,80639,48.151646,11.509506,7/12/2018,881f8d45cbfffff
SWM Versorgungs GmbH,80639,48.152902,11.511484,13/12/2018,881f8d4437fffff
SWM Versorgungs GmbH,80639,48.152899,11.511675,13/12/2018,881f8d4437fffff
SWM Versorgungs GmbH,80639,48.15451,11.509537,13/12/2018,881f8d4437fffff
SWM Versorgungs GmbH,80639,48.154551,11.509308,13/12/2018,881f8d4435fffff
SWM Versorgungs GmbH,80639,48.155589,11.512902,18/12/2018,881f8d4437fffff
SWM Versorgungs GmbH,80639,48.155577,11.512688,18/12/2018,881f8d4437fffff
SWM Versorgungs GmbH,80639,48.147107,11.502535,19/12/2018,881f8d45cbfffff
SWM Versorgungs GmbH,80639,48.146964,11.502492,19/12/2018,881f8d45cbfffff
SWM Versorgungs GmbH,80639,48.15113,11.519989,27/12/2018,881f8d4437fffff
SWM Versorgungs GmbH,80639,48.151127,11.519815,27/12/2018,881f8d4437fffff
SWM Versorgungs GmbH,80639,48.157345,11.52239,29/3/2020,881f8d4433fffff
SWM Versorgungs GmbH,80639,48.157335,11.522253,29/3/2020,881f8d4433fffff
SWM Versorgungs GmbH,80639,48.156477,11.527736,3/9/2020,881f8d4433fffff
SWM Versorgungs GmbH,80639,48.15666,11.527548,3/9/2020,881f8d4433fffff
SWM Versorgungs GmbH,80649,48.121279,11.559301,30/8/2019,881f8d7a69fffff
SWM Versorgungs GmbH,80649,48.121272,11.559455,30/8/2019,881f8d7a69fffff
SWM Versorgungs GmbH,80669,48.118058,11.609636,20/12/2017,881f8d7a0bfffff
SWM Versorgungs GmbH,80686,48.13343,11.51706,12/4/2018,881f8d4589fffff
SWM Versorgungs GmbH,80686,48.138764,11.510877,6/12/2017,881f8d45c3fffff
SWM Versorgungs GmbH,80686,48.131157,11.509565,7/12/2018,881f8d4589fffff
SWM Versorgungs GmbH,80686,48.131141,11.50939,7/12/2018,881f8d4589fffff
SWM Versorgungs GmbH,80686,48.131568,11.512439,7/12/2018,881f8d4589fffff
SWM Versorgungs GmbH,80686,48.13146,11.512611,7/12/2018,881f8d4589fffff
SWM Versorgungs GmbH,80686,48.126939,11.502444,10/5/2019,881f8d458dfffff
SWM Versorgungs GmbH,80686,48.126939,11.502278,10/5/2019,881f8d458dfffff
Fraunhofer-Gesellschaft zur Förderung der angewandten Forschung e. V.,80686,48.1324251,11.5297252,1/5/2021,881f8d458bfffff
Fraunhofer-Gesellschaft zur Förderung der angewandten Forschung e. V.,80686,48.1324251,11.5297252,1/5/2021,881f8d458bfffff
Fraunhofer-Gesellschaft zur Förderung der angewandten Forschung e. V.,80686,48.1324251,11.5297252,1/5/2021,881f8d458bfffff
Fraunhofer-Gesellschaft zur Förderung der angewandten Forschung e. V.,80686,48.1324251,11.5297252,1/5/2021,881f8d458bfffff
Fraunhofer-Gesellschaft zur Förderung der angewandten Forschung e. V.,80686,48.1324251,11.5297252,1/5/2021,881f8d458bfffff
Fraunhofer-Gesellschaft zur Förderung der angewandten Forschung e. V.,80686,48.1324251,11.5297252,1/5/2021,881f8d458bfffff
Fraunhofer-Gesellschaft zur Förderung der angewandten Forschung e. V.,80686,48.1324251,11.5297252,1/5/2021,881f8d458bfffff
Fraunhofer-Gesellschaft zur Förderung der angewandten Forschung e. V.,80686,48.1324251,11.5297252,1/5/2021,881f8d458bfffff
Fraunhofer-Gesellschaft zur Förderung der angewandten Forschung e. V.,80686,48.1324251,11.5297252,25/6/2021,881f8d458bfffff
Fraunhofer-Gesellschaft zur Förderung der angewandten Forschung e. V.,80686,48.1324251,11.5297252,25/6/2021,881f8d458bfffff
Fraunhofer-Gesellschaft zur Förderung der angewandten Forschung e. V.,80686,48.1324251,11.5297252,25/6/2021,881f8d458bfffff
Fraunhofer-Gesellschaft zur Förderung der angewandten Forschung e. V.,80686,48.1324251,11.5297252,25/6/2021,881f8d458bfffff
SWM Versorgungs GmbH,80687,48.137514,11.517913,7/12/2018,881f8d45d5fffff
SWM Versorgungs GmbH,80687,48.137521,11.517763,7/12/2018,881f8d45d5fffff
SWM Versorgungs GmbH,80687,48.141523,11.486275,22/1/2019,881f8d45cdfffff
SWM Versorgungs GmbH,80687,48.143868,11.49361,21/6/2019,881f8d45c1fffff
SWM Versorgungs GmbH,80687,48.143887,11.49351,21/6/2019,881f8d45c1fffff
SWM Versorgungs GmbH,80687,48.140193,11.49647,16/10/2019,881f8d45c1fffff
SWM Versorgungs GmbH,80687,48.140208,11.49631,16/10/2019,881f8d45c1fffff
SWM Versorgungs GmbH,80687,48.142266,11.509548,28/11/2019,881f8d45c3fffff
Mercedes- Benz AG - Niederlassung München,80687,48.144939,11.487458,19/7/2019,881f8d45cdfffff
Mercedes- Benz AG - Niederlassung München,80687,48.144943,11.487358,19/7/2019,881f8d45cdfffff
Mercedes- Benz AG - Niederlassung München,80687,48.145153,11.486111,22/5/2019,881f8d45cdfffff
SWM Versorgungs GmbH,80689,48.135646,11.499268,7/11/2017,881f8d45c7fffff
SWM Versorgungs GmbH,80689,48.135671,11.499124,7/11/2017,881f8d45c7fffff
SWM Versorgungs GmbH,80689,48.125728,11.477221,8/4/2019,881f8d45edfffff
SWM Versorgungs GmbH,80689,48.125732,11.477414,8/4/2019,881f8d45edfffff
SWM Versorgungs GmbH,80689,48.12606,11.481684,3/1/2019,881f8d45e1fffff
SWM Versorgungs GmbH,80689,48.131173,11.499869,27/12/2018,881f8d45c7fffff
SWM Versorgungs GmbH,80689,48.131071,11.499826,27/12/2018,881f8d45c7fffff
SWM Versorgungs GmbH,80689,48.132266,11.49452,27/12/2018,881f8d45ebfffff
SWM Versorgungs GmbH,80689,48.132277,11.494406,27/12/2018,881f8d45ebfffff
SWM Versorgungs GmbH,80689,48.124854,11.489961,28/12/2018,881f8d45ebfffff
SWM Versorgungs GmbH,80689,48.124765,11.489966,28/12/2018,881f8d45ebfffff
SWM Versorgungs GmbH,80689,48.129678,11.478428,10/5/2019,881f8d45e9fffff
SWM Versorgungs GmbH,80689,48.129988,11.489501,16/10/2019,881f8d45ebfffff
SWM Versorgungs GmbH,80689,48.130019,11.489392,16/10/2019,881f8d45ebfffff
SWM Versorgungs GmbH,80689,48.129135,11.494645,17/10/2019,881f8d45ebfffff
SWM Versorgungs GmbH,80689,48.129055,11.494584,17/10/2019,881f8d45ebfffff
SWM Versorgungs GmbH,80689,48.128174,11.474007,16/10/2019,881f8d45e9fffff
SWM Versorgungs GmbH,80689,48.128159,11.473844,16/10/2019,881f8d45e9fffff
SWM Versorgungs GmbH,80689,48.128992,11.501933,28/11/2019,881f8d458dfffff
SWM Versorgungs GmbH,80689,48.128995,11.501788,28/11/2019,881f8d458dfffff
Bayerische Motoren Werke Aktiengesellschaft,80788,48.176263,11.561875,29/12/2018,881f8d44c7fffff
SWM Versorgungs GmbH,80796,48.160869,11.566823,20/4/2017,881f8d4485fffff
SWM Versorgungs GmbH,80796,48.160768,11.566839,20/4/2017,881f8d4485fffff
SWM Versorgungs GmbH,80796,48.158893,11.574172,19/9/2017,881f8d4485fffff
SWM Versorgungs GmbH,80796,48.160539,11.571908,10/5/2019,881f8d4485fffff
SWM Versorgungs GmbH,80796,48.160496,11.572005,10/5/2019,881f8d4485fffff
SWM Versorgungs GmbH,80796,48.164112,11.566341,23/12/2019,881f8d448dfffff
SWM Versorgungs GmbH,80796,48.164234,11.566346,23/12/2019,881f8d448dfffff
SWM Versorgungs GmbH,80796,48.163149,11.568895,5/2/2020,881f8d4485fffff
SWM Versorgungs GmbH,80796,48.163143,11.568767,5/2/2020,881f8d4485fffff
SWM Versorgungs GmbH,80796,48.164762,11.572164,21/11/2019,881f8d4481fffff
SWM Versorgungs GmbH,80797,48.156066,11.554914,12/4/2018,881f8d44a9fffff
SWM Versorgungs GmbH,80797,48.161541,11.561995,21/3/2017,881f8d44e3fffff
SWM Versorgungs GmbH,80797,48.161552,11.562016,21/3/2017,881f8d44e3fffff
SWM Versorgungs GmbH,80797,48.154789,11.559811,8/8/2017,881f8d44a9fffff
SWM Versorgungs GmbH,80797,48.154824,11.559725,8/8/2017,881f8d44a9fffff
SWM Versorgungs GmbH,80797,48.159448,11.556839,19/9/2017,881f8d44e3fffff
SWM Versorgungs GmbH,80797,48.167252,11.556265,8/11/2017,881f8d44ebfffff
SWM Versorgungs GmbH,80797,48.167209,11.556308,8/11/2017,881f8d44ebfffff
SWM Versorgungs GmbH,80797,48.156285,11.560353,14/6/2019,881f8d44a9fffff
SWM Versorgungs GmbH,80797,48.168544,11.561542,23/12/2019,881f8d448dfffff
SWM Versorgungs GmbH,80797,48.168653,11.561496,23/12/2019,881f8d448dfffff
SWM Versorgungs GmbH,80798,48.153361,11.565224,20/4/2017,881f8d44a9fffff
SWM Versorgungs GmbH,80798,48.156778,11.567793,7/5/2019,881f8d4485fffff
SWM Versorgungs GmbH,80798,48.156789,11.567649,7/5/2019,881f8d4485fffff
SWM Versorgungs GmbH,80798,48.15247,11.568249,23/8/2019,881f8d44abfffff
SWM Versorgungs GmbH,80799,48.149467,11.578978,8/11/2017,881f8d44bdfffff
SWM Versorgungs GmbH,80799,48.150866,11.578807,8/5/2019,881f8d44bdfffff
SWM Versorgungs GmbH,80799,48.151818,11.579499,8/5/2019,881f8d44bdfffff
Qwello GmbH,80799,48.14984,11.572426,7/7/2020,881f8d44abfffff
Qwello GmbH,80799,48.153788,11.573262,7/7/2020,881f8d44abfffff
SWM Versorgungs GmbH,80801,48.166647,11.578844,31/3/2017,881f8d4481fffff
SWM Versorgungs GmbH,80801,48.16669,11.578753,31/3/2017,881f8d4481fffff
SWM Versorgungs GmbH,80801,48.166769,11.57863,31/3/2017,881f8d4481fffff
SWM Versorgungs GmbH,80801,48.160686,11.580389,8/11/2017,881f8d4487fffff
SWM Versorgungs GmbH,80801,48.160768,11.580395,8/11/2017,881f8d4487fffff
SWM Versorgungs GmbH,80801,48.155268,11.575255,26/6/2018,881f8d44abfffff
SWM Versorgungs GmbH,80801,48.155343,11.575261,26/6/2018,881f8d44abfffff
SWM Versorgungs GmbH,80801,48.159079,11.576039,7/5/2019,881f8d4487fffff
SWM Versorgungs GmbH,80801,48.159094,11.575942,7/5/2019,881f8d4487fffff
SWM Versorgungs GmbH,80801,48.157636,11.579895,19/11/2019,881f8d4487fffff
SWM Versorgungs GmbH,80802,48.16317,11.58655,2/11/2017,881f8d4483fffff
SWM Versorgungs GmbH,80802,48.155279,11.588548,21/3/2019,881f8d44b9fffff
SWM Versorgungs GmbH,80802,48.155429,11.588581,21/3/2019,881f8d44b9fffff
SWM Versorgungs GmbH,80802,48.163194,11.590501,8/11/2017,881f8d4483fffff
SWM Versorgungs GmbH,80802,48.163101,11.590437,8/11/2017,881f8d4483fffff
SWM Versorgungs GmbH,80802,48.155504,11.584123,23/8/2019,881f8d4487fffff
SWM Versorgungs GmbH,80802,48.155543,11.583947,23/8/2019,881f8d4487fffff
SWM Versorgungs GmbH,80802,48.160369,11.585572,23/8/2019,881f8d4487fffff
SWM Versorgungs GmbH,80802,48.160398,11.585429,23/8/2019,881f8d4487fffff
SWM Versorgungs GmbH,80802,48.161028,11.589625,23/8/2019,881f8d4483fffff
SWM Versorgungs GmbH,80802,48.159108,11.585672,23/8/2019,881f8d4487fffff
SWM Versorgungs GmbH,80802,48.154158,11.582732,23/12/2019,881f8d44bdfffff
SWM Versorgungs GmbH,80802,48.154188,11.582488,23/12/2019,881f8d44bdfffff
SWM Versorgungs GmbH,80802,48.157299,11.583923,5/2/2020,881f8d4487fffff
SWM Versorgungs GmbH,80802,48.157343,11.583753,5/2/2020,881f8d4487fffff
SWM Versorgungs GmbH,80802,48.167171,11.588193,12/10/2020,881f8d4483fffff
SWM Versorgungs GmbH,80802,48.167268,11.588223,12/10/2020,881f8d4483fffff
SWM Versorgungs GmbH,80803,48.163527,11.583683,7/5/2019,881f8d4483fffff
SWM Versorgungs GmbH,80803,48.163556,11.583635,7/5/2019,881f8d4483fffff
SWM Versorgungs GmbH,80803,48.162518,11.576446,9/5/2019,881f8d4481fffff
SWM Versorgungs GmbH,80803,48.162565,11.576114,9/5/2019,881f8d4481fffff
SWM Versorgungs GmbH,80804,48.171198,11.584858,28/9/2017,881f8d448bfffff
SWM Versorgungs GmbH,80804,48.168568,11.565331,8/11/2017,881f8d448dfffff
SWM Versorgungs GmbH,80804,48.169899,11.577755,11/6/2018,881f8d4481fffff
SWM Versorgungs GmbH,80804,48.169438,11.577825,11/6/2018,881f8d4481fffff
SWM Versorgungs GmbH,80804,48.172947,11.574714,9/5/2019,881f8d4489fffff
SWM Versorgungs GmbH,80804,48.173058,11.574687,9/5/2019,881f8d4489fffff
SWM Versorgungs GmbH,80804,48.173531,11.582433,9/5/2019,881f8d448bfffff
SWM Versorgungs GmbH,80804,48.173541,11.582567,9/5/2019,881f8d448bfffff
SWM Versorgungs GmbH,80804,48.168498,11.585785,15/10/2019,881f8d448bfffff
SWM Versorgungs GmbH,80804,48.168526,11.585614,15/10/2019,881f8d448bfffff
Park One GmbH,80804,48.1737111,11.5860434,30/11/2016,881f8d448bfffff
SWM Versorgungs GmbH,80805,48.172336,11.596745,7/8/2017,881f8d449dfffff
SWM Versorgungs GmbH,80805,48.172275,11.596847,7/8/2017,881f8d449dfffff
SWM Versorgungs GmbH,80805,48.180116,11.602507,8/8/2017,881f8d44d7fffff
SWM Versorgungs GmbH,80805,48.180023,11.602598,8/8/2017,881f8d44d7fffff
SWM Versorgungs GmbH,80805,48.166039,11.591885,11/6/2018,881f8d4483fffff
SWM Versorgungs GmbH,80805,48.179465,11.596797,15/10/2019,881f8d44d7fffff
SWM Versorgungs GmbH,80805,48.179577,11.596889,15/10/2019,881f8d44d7fffff
SWM Versorgungs GmbH,80805,48.173955,11.589772,15/10/2019,881f8d448bfffff
SWM Versorgungs GmbH,80805,48.169764,11.594059,15/10/2019,881f8d449dfffff
SWM Versorgungs GmbH,80805,48.169755,11.594125,15/10/2019,881f8d449dfffff
SWM Versorgungs GmbH,80805,48.168233,11.601692,8/10/2020,881f8d449dfffff
SWM Versorgungs GmbH,80806,48.183153,11.608182,11/6/2018,881f8d44d3fffff
SWM Versorgungs GmbH,80806,48.183117,11.608273,11/6/2018,881f8d44d3fffff
SWM Versorgungs GmbH,80807,48.180166,11.573271,21/3/2017,881f8d44c3fffff
SWM Versorgungs GmbH,80807,48.185717,11.572863,20/4/2017,881f8d44c3fffff
SWM Versorgungs GmbH,80807,48.183922,11.596643,19/9/2017,881f8d44d1fffff
SWM Versorgungs GmbH,80807,48.180785,11.593607,29/8/2018,881f8d44d7fffff
SWM Versorgungs GmbH,80807,48.180828,11.593435,29/8/2018,881f8d44d7fffff
SWM Versorgungs GmbH,80807,48.18694,11.593051,11/12/2018,881f8d44d1fffff
SWM Versorgungs GmbH,80807,48.18207,11.582335,28/9/2018,881f8d44d5fffff
SWM Versorgungs GmbH,80807,48.182125,11.582204,28/9/2018,881f8d44d5fffff
SWM Versorgungs GmbH,80807,48.182172,11.582083,28/9/2018,881f8d44d5fffff
SWM Versorgungs GmbH,80807,48.186944,11.57802,11/12/2018,881f8d44ddfffff
SWM Versorgungs GmbH,80807,48.186901,11.578109,11/12/2018,881f8d44ddfffff
SWM Versorgungs GmbH,80807,48.18693,11.593489,5/7/2019,881f8d44d1fffff
SWM Versorgungs GmbH,80807,48.183968,11.596777,15/10/2019,881f8d44d1fffff
SWM Versorgungs GmbH,80807,48.179586,11.58842,18/11/2020,881f8d44d5fffff
SWM Versorgungs GmbH,80807,48.179553,11.588557,18/11/2020,881f8d44d5fffff
Allego GmbH,80807,48.17698,11.591492,2/8/2016,881f8d44d7fffff
Digital Energy Solutions,80807,48.18836,11.57445,4/12/2015,881f8d44cbfffff
NTT DATA Deutschland GmbH,80807,48.184132,11.587653,8/3/2019,881f8d44d1fffff
NTT DATA Deutschland GmbH,80807,48.184132,11.587653,8/3/2019,881f8d44d1fffff
NTT DATA Deutschland GmbH,80807,48.184132,11.587653,8/2/2019,881f8d44d1fffff
NTT DATA Deutschland GmbH,80807,48.184132,11.587653,8/3/2019,881f8d44d1fffff
BMW AG Niederlassung München,80807,48.18802,11.574231,13/1/2020,881f8d44cbfffff
BMW AG Niederlassung München,80807,48.18802,11.574231,13/1/2020,881f8d44cbfffff
BMW AG Niederlassung München,80807,48.18802,11.574231,13/1/2020,881f8d44cbfffff
BMW AG Niederlassung München,80807,48.18802,11.574231,13/1/2020,881f8d44cbfffff
BMW AG Niederlassung München,80807,48.18802,11.574231,13/1/2020,881f8d44cbfffff
BMW AG Niederlassung München,80807,48.18802,11.574231,13/1/2020,881f8d44cbfffff
Mercedes- Benz AG - Niederlassung München,80807,48.187344,11.585139,22/5/2019,881f8d44ddfffff
Mercedes- Benz AG - Niederlassung München,80807,48.188477,11.596808,24/10/2019,881f8d44d1fffff
SWM Versorgungs GmbH,80809,48.175044,11.565648,25/7/2017,881f8d44c7fffff
SWM Versorgungs GmbH,80809,48.172311,11.562477,19/12/2017,881f8d44c7fffff
SWM Versorgungs GmbH,80809,48.18302,11.553234,29/8/2018,881f8d44cdfffff
SWM Versorgungs GmbH,80809,48.18245,11.566468,27/12/2018,881f8d44c3fffff
SWM Versorgungs GmbH,80809,48.18244,11.566349,27/12/2018,881f8d44c3fffff
Digital Energy Solutions,80809,48.177711,11.556978,4/12/2015,881f8d44c5fffff
Digital Energy Solutions,80809,48.177711,11.556978,4/12/2015,881f8d44c5fffff
Digital Energy Solutions,80809,48.177711,11.556978,4/12/2015,881f8d44c5fffff
EnBW mobility+ AG und Co.KG ,80809,48.186629,11.551952,20/9/2019,881f8d44cdfffff
Deutsche Funkturm GmbH,80809,48.102975,11.331207,30/6/2017,881f8d4e69fffff
Privatperson,80809,48.185106,11.549643,20/5/2019,881f8d44cdfffff
Leonardo Royal München - Sunflower Management GmbH & Co.KG,80809,48.18683,11.54312,30/11/2020,881f8d44cdfffff
SWM Versorgungs GmbH,80933,48.213242,11.556008,7/8/2017,881f8d4687fffff
SWM Versorgungs GmbH,80933,48.213585,11.556287,7/8/2017,881f8d4687fffff
SWM Versorgungs GmbH,80935,48.206938,11.555831,31/1/2020,881f8d46abfffff
ALDI SÜD,80935,48.20185,11.54203,1/7/2015,881f8d46a1fffff
SWM Versorgungs GmbH,80937,48.205212,11.572912,3/9/2020,881f8d46b1fffff
SWM Versorgungs GmbH,80937,48.205294,11.573053,3/9/2020,881f8d46b1fffff
SWM Versorgungs GmbH,80939,48.191704,11.620376,19/9/2017,881f8d732dfffff
SWM Versorgungs GmbH,80939,48.191679,11.620515,19/9/2017,881f8d732dfffff
ALDI SÜD,80939,48.20167,11.58801,1/7/2015,881f8d46b3fffff
APCOA PARKING Deutschland GmbH,80939,48.1970141,11.6111761,1/12/2016,881f8d7367fffff
Charge-ON,80939,48.196262,11.61039,26/1/2021,881f8d7367fffff
Charge-ON,80939,48.196262,11.61039,26/1/2021,881f8d7367fffff
Charge-ON,80939,48.196262,11.61039,26/1/2021,881f8d7367fffff
Pfalzwerke AG,80939,48.204244,11.618373,22/4/2020,881f8d7363fffff
Pfalzwerke AG,80939,48.204244,11.618373,22/4/2020,881f8d7363fffff
SWM Versorgungs GmbH,80992,48.173258,11.532358,12/4/2018,881f8d4417fffff
SWM Versorgungs GmbH,80992,48.180824,11.508474,7/8/2017,881f8d4403fffff
SWM Versorgungs GmbH,80992,48.180835,11.508468,7/8/2017,881f8d4403fffff
SWM Versorgungs GmbH,80992,48.181633,11.518516,7/8/2017,881f8d441dfffff
SWM Versorgungs GmbH,80992,48.177654,11.530426,20/11/2018,881f8d4411fffff
SWM Versorgungs GmbH,80992,48.177645,11.530574,20/11/2018,881f8d4411fffff
SWM Versorgungs GmbH,80992,48.177661,11.530754,20/11/2018,881f8d4411fffff
SWM Versorgungs GmbH,80992,48.171215,11.531104,8/11/2018,881f8d4417fffff
SWM Versorgungs GmbH,80992,48.171295,11.530952,8/11/2018,881f8d4417fffff
Park One GmbH,80992,48.1823931,11.5308946,1/7/2015,881f8d4411fffff
SWM Versorgungs GmbH,80993,48.184366,11.53677,20/12/2018,881f8d441bfffff
symCharge GmbH,80993,48.184172,11.532383,1/4/2021,881f8d441bfffff
SWM Versorgungs GmbH,80995,48.213771,11.539786,7/8/2017,881f8d46e3fffff
SWM Versorgungs GmbH,80995,48.199271,11.535779,12/10/2020,881f8d46a1fffff
SWM Versorgungs GmbH,80995,48.199042,11.535793,7/9/2020,881f8d46a1fffff
ALDI SÜD,80995,48.21472,11.54294,26/6/2015,881f8d4685fffff
SWM Versorgungs GmbH,80997,48.183593,11.481201,15/9/2017,881f8d440dfffff
SWM Versorgungs GmbH,80997,48.18413,11.496395,20/12/2018,881f8d4409fffff
SWM Versorgungs GmbH,80997,48.184143,11.496353,20/12/2018,881f8d4409fffff
SWM Versorgungs GmbH,80997,48.213206,11.461597,29/10/2019,881f8d4621fffff
SWM Versorgungs GmbH,80999,48.192344,11.465387,7/8/2017,881f8d4445fffff
SWM Versorgungs GmbH,80999,48.188903,11.466605,17/10/2019,881f8d4445fffff
ALDI SÜD,80999,48.19263,11.46651,27/5/2015,881f8d4445fffff
Autohaus E. Hoppe GmbH,80999,48.18183,11.464959,29/3/2021,881f8d446bfffff
innogy eMobility Solutions GmbH,81241,48.148119,11.465166,10/3/2011,881f8d4519fffff
SWM Versorgungs GmbH,81241,48.142582,11.481988,29/8/2018,881f8d45cdfffff
SWM Versorgungs GmbH,81241,48.142637,11.474056,29/8/2018,881f8d451bfffff
SWM Versorgungs GmbH,81241,48.142484,11.474034,29/8/2018,881f8d451bfffff
SWM Versorgungs GmbH,81241,48.144914,11.478904,25/9/2018,881f8d451bfffff
SWM Versorgungs GmbH,81241,48.15008,11.453752,28/9/2018,881f8d4557fffff
SWM Versorgungs GmbH,81241,48.150112,11.453783,28/9/2018,881f8d4557fffff
SWM Versorgungs GmbH,81241,48.14969,11.457923,7/12/2018,881f8d4519fffff
SWM Versorgungs GmbH,81241,48.149734,11.457747,7/12/2018,881f8d4519fffff
SWM Versorgungs GmbH,81241,48.145692,11.461558,19/12/2018,881f8d4519fffff
SWM Versorgungs GmbH,81241,48.144249,11.47267,16/10/2019,881f8d451bfffff
SWM Versorgungs GmbH,81241,48.144314,11.472578,16/10/2019,881f8d451bfffff
SWM Versorgungs GmbH,81241,48.146371,11.454337,31/1/2020,881f8d4557fffff
SWM Versorgungs GmbH,81241,48.14626,11.454332,31/1/2020,881f8d4557fffff
SWM Versorgungs GmbH,81241,48.140311,11.459043,31/1/2020,881f8d4511fffff
SWM Versorgungs GmbH,81241,48.140167,11.459038,31/1/2020,881f8d4511fffff
SWM Versorgungs GmbH,81243,48.14803,11.442006,5/9/2018,881f8d4555fffff
SWM Versorgungs GmbH,81243,48.148814,11.434249,11/12/2018,881f8d4555fffff
SWM Versorgungs GmbH,81243,48.149758,11.439964,16/10/2019,881f8d4555fffff
SWM Versorgungs GmbH,81243,48.149975,11.440034,16/10/2019,881f8d4555fffff
SWM Versorgungs GmbH,81243,48.142675,11.443631,7/9/2020,881f8d450bfffff
Allego GmbH,81243,48.143433,11.429782,5/11/2019,881f8d4509fffff
SWM Versorgungs GmbH,81245,48.151332,11.462565,30/12/2018,881f8d4553fffff
SWM Versorgungs GmbH,81245,48.15534,11.427592,12/12/2018,881f8d4543fffff
SWM Versorgungs GmbH,81245,48.16332,11.436312,29/8/2018,881f8d4737fffff
SWM Versorgungs GmbH,81245,48.16319,11.436346,29/8/2018,881f8d4737fffff
SWM Versorgungs GmbH,81245,48.149826,11.47155,28/9/2018,881f8d4425fffff
SWM Versorgungs GmbH,81245,48.149977,11.471576,28/9/2018,881f8d4425fffff
SWM Versorgungs GmbH,81245,48.15218,11.475954,29/11/2019,881f8d4425fffff
SWM Versorgungs GmbH,81245,48.152292,11.476034,29/11/2019,881f8d4425fffff
SWM Versorgungs GmbH,81247,48.163677,11.475171,20/9/2017,881f8d4429fffff
SWM Versorgungs GmbH,81247,48.163667,11.475424,20/9/2017,881f8d4429fffff
SWM Versorgungs GmbH,81247,48.169185,11.464603,29/8/2018,881f8d4467fffff
SWM Versorgungs GmbH,81247,48.169098,11.464606,29/8/2018,881f8d4467fffff
SWM Versorgungs GmbH,81247,48.161022,11.467727,28/9/2018,881f8d442dfffff
SWM Versorgungs GmbH,81247,48.161058,11.467427,28/9/2018,881f8d442dfffff
EnBW mobility+ AG und Co.KG ,81247,48.1648363,11.4714807,1/7/2020,881f8d4429fffff
SWM Versorgungs GmbH,81249,48.13919,11.410999,12/12/2018,881f8d456bfffff
SWM Versorgungs GmbH,81249,48.142915,11.423241,5/9/2018,881f8d4509fffff
SWM Versorgungs GmbH,81249,48.14645,11.412864,5/9/2018,881f8d4547fffff
SWM Versorgungs GmbH,81249,48.155582,11.414047,5/9/2018,881f8d4541fffff
SWM Versorgungs GmbH,81249,48.137821,11.417838,6/2/2020,881f8d450dfffff
SWM Versorgungs GmbH,81249,48.151695,11.412708,6/2/2020,881f8d4541fffff
SWM Versorgungs GmbH,81249,48.176732,11.408427,23/12/2019,881f8d472bfffff
SWM Versorgungs GmbH,81249,48.176774,11.408352,23/12/2019,881f8d472bfffff
Pfalzwerke AG,81249,48.134307,11.410901,30/7/2020,881f8d4563fffff
Pfalzwerke AG,81249,48.134307,11.410901,30/7/2020,881f8d4563fffff
SWM Versorgungs GmbH,81369,48.115852,11.525849,25/7/2017,881f8d45b9fffff
SWM Versorgungs GmbH,81369,48.115762,11.525865,25/7/2017,881f8d45b9fffff
SWM Versorgungs GmbH,81369,48.112704,11.534083,7/11/2017,881f8d45b9fffff
SWM Versorgungs GmbH,81369,48.112696,11.534212,7/11/2017,881f8d45b9fffff
SWM Versorgungs GmbH,81369,48.109082,11.536846,30/8/2018,881f8d45b1fffff
SWM Versorgungs GmbH,81369,48.109075,11.536669,30/8/2018,881f8d45b1fffff
SWM Versorgungs GmbH,81369,48.110676,11.526283,19/12/2018,881f8d45bdfffff
SWM Versorgungs GmbH,81369,48.110514,11.526254,19/12/2018,881f8d45bdfffff
SWM Versorgungs GmbH,81369,48.11284,11.523662,7/1/2019,881f8d45bdfffff
SWM Versorgungs GmbH,81369,48.112735,11.523667,7/1/2019,881f8d45bdfffff
Kassenzahnärztliche Vereinigung Bayerns (KZVB),81369,48.108066,11.538575,29/8/2019,881f8d45b1fffff
SWM Versorgungs GmbH,81371,48.111085,11.548396,25/7/2017,881f8d7a6dfffff
SWM Versorgungs GmbH,81371,48.110967,11.549276,7/11/2017,881f8d7a6dfffff
SWM Versorgungs GmbH,81371,48.120611,11.548272,25/7/2017,881f8d4597fffff
SWM Versorgungs GmbH,81371,48.122037,11.543959,11/9/2018,881f8d4595fffff
SWM Versorgungs GmbH,81371,48.121883,11.543981,30/8/2018,881f8d4595fffff
SWM Versorgungs GmbH,81371,48.118337,11.544978,24/9/2018,881f8d45bbfffff
SWM Versorgungs GmbH,81371,48.118339,11.544824,24/9/2018,881f8d45bbfffff
SWM Versorgungs GmbH,81371,48.116881,11.541504,11/9/2018,881f8d45bbfffff
SWM Versorgungs GmbH,81371,48.116897,11.541701,11/9/2018,881f8d45bbfffff
SWM Versorgungs GmbH,81371,48.112892,11.546398,30/8/2019,881f8d45bbfffff
SWM Versorgungs GmbH,81373,48.121335,11.534609,23/5/2017,881f8d4595fffff
SWM Versorgungs GmbH,81373,48.121345,11.534641,23/5/2017,881f8d4595fffff
SWM Versorgungs GmbH,81373,48.126326,11.539056,7/11/2017,881f8d459dfffff
SWM Versorgungs GmbH,81373,48.126255,11.539067,7/11/2017,881f8d459dfffff
SWM Versorgungs GmbH,81373,48.117427,11.538076,25/9/2018,881f8d4595fffff
SWM Versorgungs GmbH,81373,48.117294,11.538072,25/9/2018,881f8d4595fffff
SWM Versorgungs GmbH,81373,48.118419,11.528202,19/12/2018,881f8d45b9fffff
SWM Versorgungs GmbH,81373,48.118454,11.528116,19/12/2018,881f8d45b9fffff
SWM Versorgungs GmbH,81373,48.120239,11.52366,19/12/2018,881f8d4583fffff
SWM Versorgungs GmbH,81373,48.120241,11.522567,19/12/2018,881f8d4587fffff
SWM Versorgungs GmbH,81375,48.117517,11.494929,23/5/2017,881f8d45e3fffff
SWM Versorgungs GmbH,81375,48.118961,11.484453,6/2/2020,881f8d45e1fffff
SWM Versorgungs GmbH,81375,48.119072,11.484483,6/2/2020,881f8d45e1fffff
SWM Versorgungs GmbH,81377,48.113377,11.476475,23/5/2017,881f8d45e5fffff
SWM Versorgungs GmbH,81377,48.111876,11.503683,25/7/2017,881f8d45a9fffff
SWM Versorgungs GmbH,81377,48.110781,11.515822,25/9/2018,881f8d45abfffff
SWM Versorgungs GmbH,81377,48.110598,11.515443,25/9/2018,881f8d45abfffff
SWM Versorgungs GmbH,81377,48.117761,11.514347,25/9/2018,881f8d4587fffff
SWM Versorgungs GmbH,81377,48.117903,11.514316,25/9/2018,881f8d4587fffff
SWM Versorgungs GmbH,81377,48.109297,11.47736,10/5/2019,881f8d4edbfffff
SWM Versorgungs GmbH,81377,48.109233,11.477376,10/5/2019,881f8d4edbfffff
SWM Versorgungs GmbH,81379,48.102137,11.548541,23/5/2017,881f8d7b59fffff
SWM Versorgungs GmbH,81379,48.102953,11.546325,23/5/2017,881f8d45b3fffff
SWM Versorgungs GmbH,81379,48.097311,11.526557,20/9/2017,881f8d7b4bfffff
SWM Versorgungs GmbH,81379,48.097311,11.526428,20/9/2017,881f8d7b4bfffff
SWM Versorgungs GmbH,81379,48.095853,11.537683,8/6/2018,881f8d7b5dfffff
SWM Versorgungs GmbH,81379,48.100115,11.53967,30/8/2018,881f8d45b7fffff
SWM Versorgungs GmbH,81379,48.099812,11.539743,30/8/2018,881f8d45b7fffff
SWM Versorgungs GmbH,81379,48.096798,11.513821,18/10/2019,881f8d7b49fffff
SWM Versorgungs GmbH,81379,48.096645,11.513844,18/10/2019,881f8d7b49fffff
SWM Versorgungs GmbH,81379,48.091061,11.535008,17/10/2019,881f8d7b5dfffff
SWM Versorgungs GmbH,81379,48.090951,11.534956,17/10/2019,881f8d7b5dfffff
SWM Versorgungs GmbH,81379,48.100496,11.520287,17/10/2019,881f8d45b5fffff
SWM Versorgungs GmbH,81379,48.100488,11.519988,17/10/2019,881f8d45b5fffff
SWM Versorgungs GmbH,81379,48.096282,11.507056,29/10/2019,881f8d45a7fffff
SWM Versorgungs GmbH,81379,48.096206,11.507218,29/10/2019,881f8d45a7fffff
SWM Versorgungs GmbH,81379,48.099622,11.509721,5/2/2020,881f8d45a7fffff
SWM Versorgungs GmbH,81379,48.100108,11.529697,5/2/2020,881f8d45b5fffff
SWM Versorgungs GmbH,81379,48.100082,11.529794,5/2/2020,881f8d45b5fffff
SWM Versorgungs GmbH,81454,48.086352,11.561077,3/11/2020,881f8d7b53fffff
SWM Versorgungs GmbH,81457,48.10749,11.57489,7/12/2018,881f8d7a63fffff
SWM Versorgungs GmbH,81457,48.107403,11.575105,7/12/2018,881f8d7a63fffff
SWM Versorgungs GmbH,81475,48.090063,11.479479,7/11/2017,881f8d4e9dfffff
SWM Versorgungs GmbH,81475,48.090141,11.479356,7/11/2017,881f8d4e9dfffff
SWM Versorgungs GmbH,81475,48.08303,11.485556,12/10/2020,881f8d4e91fffff
SWM Versorgungs GmbH,81476,48.094417,11.500972,24/10/2019,881f8d45a7fffff
SWM Versorgungs GmbH,81477,48.082168,11.506181,22/1/2019,881f8d7b45fffff
SWM Versorgungs GmbH,81477,48.082114,11.506195,22/1/2019,881f8d7b45fffff
SWM Versorgungs GmbH,81477,48.08693,11.499143,12/10/2020,881f8d4e93fffff
SWM Versorgungs GmbH,81477,48.093549,11.522374,4/9/2020,881f8d7b4bfffff
ALDI SÜD,81477,48.090167,11.505306,8/9/2021,881f8d7b4dfffff
EnBW mobility+ AG und Co.KG ,81477,48.090713,11.507117,16/9/2020,881f8d7b4dfffff
Maiborn Wolff GmbH,81477,48.094744,11.505348,1/7/2018,881f8d45a7fffff
SWM Versorgungs GmbH,81479,48.077297,11.52606,30/8/2018,881f8d7b0dfffff
SWM Versorgungs GmbH,81479,48.077244,11.526085,30/8/2018,881f8d7b0dfffff
SWM Versorgungs GmbH,81479,48.077018,11.526096,30/8/2018,881f8d7b0dfffff
SWM Versorgungs GmbH,81479,48.081158,11.527856,6/2/2020,881f8d7b47fffff
SWM Versorgungs GmbH,81539,48.112334,11.577599,17/10/2019,881f8d7a63fffff
SWM Versorgungs GmbH,81539,48.111577,11.578649,17/10/2019,881f8d7a63fffff
SWM Versorgungs GmbH,81539,48.114897,11.587213,24/10/2019,881f8d7a0dfffff
SWM Versorgungs GmbH,81539,48.108046,11.583776,24/10/2019,881f8d7a63fffff
SWM Versorgungs GmbH,81539,48.107976,11.583732,24/10/2019,881f8d7a63fffff
SWM Versorgungs GmbH,81539,48.107689,11.59549,28/11/2019,881f8d7a05fffff
SWM Versorgungs GmbH,81539,48.107668,11.595346,28/11/2019,881f8d7a05fffff
SWM Versorgungs GmbH,81539,48.109365,11.603561,8/10/2020,881f8d7a07fffff
SWM Versorgungs GmbH,81539,48.10932,11.603663,8/10/2020,881f8d7a07fffff
EnBW mobility+ AG und Co.KG ,81539,48.108986,11.579749,22/8/2017,881f8d7a63fffff
EnBW mobility+ AG und Co.KG ,81539,48.108986,11.579749,22/8/2017,881f8d7a63fffff
SWM Versorgungs GmbH,81541,48.115515,11.580829,23/5/2017,881f8d7a6bfffff
SWM Versorgungs GmbH,81541,48.121829,11.578694,8/8/2017,881f8d7a47fffff
SWM Versorgungs GmbH,81541,48.121725,11.578614,8/8/2017,881f8d7a47fffff
SWM Versorgungs GmbH,81541,48.115526,11.583125,7/11/2017,881f8d7a0dfffff
SWM Versorgungs GmbH,81541,48.115522,11.583104,7/11/2017,881f8d7a0dfffff
SWM Versorgungs GmbH,81541,48.125249,11.584219,27/12/2017,881f8d7a47fffff
SWM Versorgungs GmbH,81541,48.127764,11.580919,21/6/2019,881f8d7a41fffff
SWM Versorgungs GmbH,81541,48.127665,11.580714,21/6/2019,881f8d7a41fffff
SWM Versorgungs GmbH,81541,48.122602,11.590282,24/6/2019,881f8d7a47fffff
SWM Versorgungs GmbH,81541,48.122481,11.59031,24/6/2019,881f8d7a47fffff
SWM Versorgungs GmbH,81541,48.11643,11.594168,24/10/2019,881f8d7a0dfffff
SWM Versorgungs GmbH,81541,48.116356,11.594155,24/10/2019,881f8d7a0dfffff
SWM Versorgungs GmbH,81543,48.112962,11.570739,20/9/2017,881f8d7a61fffff
SWM Versorgungs GmbH,81543,48.113008,11.570588,20/9/2017,881f8d7a61fffff
SWM Versorgungs GmbH,81543,48.113033,11.570449,20/9/2017,881f8d7a61fffff
SWM Versorgungs GmbH,81543,48.101131,11.559367,3/1/2019,881f8d7a65fffff
SWM Versorgungs GmbH,81543,48.101194,11.559204,3/1/2019,881f8d7a65fffff
SWM Versorgungs GmbH,81543,48.107159,11.565939,3/1/2019,881f8d7a61fffff
SWM Versorgungs GmbH,81543,48.107222,11.565748,3/1/2019,881f8d7a61fffff
SWM Versorgungs GmbH,81543,48.122943,11.575642,14/6/2019,881f8d7a45fffff
SWM Versorgungs GmbH,81543,48.123003,11.575701,14/6/2019,881f8d7a45fffff
SWM Versorgungs GmbH,81543,48.120339,11.570229,30/8/2019,881f8d7a45fffff
SWM Versorgungs GmbH,81543,48.120225,11.57012,30/8/2019,881f8d7a45fffff
SWM Versorgungs GmbH,81543,48.11625,11.569465,30/8/2019,881f8d7a6bfffff
SWM Versorgungs GmbH,81543,48.11839,11.574751,21/10/2019,881f8d7a6bfffff
SWM Versorgungs GmbH,81543,48.118361,11.574839,21/10/2019,881f8d7a6bfffff
Green City Power GmbH,81543,48.10566,11.56643,18/12/2019,881f8d7a67fffff
SWM Versorgungs GmbH,81545,48.089958,11.557916,7/12/2018,881f8d7b51fffff
SWM Versorgungs GmbH,81545,48.092707,11.570659,3/1/2019,881f8d7a2dfffff
SWM Versorgungs GmbH,81545,48.092634,11.570726,3/1/2019,881f8d7a2dfffff
SWM Versorgungs GmbH,81547,48.110268,11.577722,2/11/2017,881f8d7a63fffff
SWM Versorgungs GmbH,81547,48.110207,11.577621,20/9/2017,881f8d7a63fffff
SWM Versorgungs GmbH,81547,48.097164,11.580893,7/11/2017,881f8d7a29fffff
SWM Versorgungs GmbH,81547,48.097132,11.580867,7/11/2017,881f8d7a29fffff
SWM Versorgungs GmbH,81547,48.125012,11.584053,27/12/2017,881f8d7a47fffff
SWM Versorgungs GmbH,81547,48.101949,11.570127,27/12/2018,881f8d7a67fffff
SWM Versorgungs GmbH,81549,48.091869,11.598752,7/11/2017,881f8d7a23fffff
SWM Versorgungs GmbH,81549,48.091886,11.598698,7/11/2017,881f8d7a23fffff
SWM Versorgungs GmbH,81549,48.110064,11.612629,30/8/2018,881f8d7a03fffff
SWM Versorgungs GmbH,81549,48.110157,11.612533,30/8/2018,881f8d7a03fffff
SWM Versorgungs GmbH,81549,48.089131,11.611348,28/11/2019,881f8d7a35fffff
SWM Versorgungs GmbH,81549,48.101073,11.609926,5/7/2019,881f8d7a3dfffff
SWM Versorgungs GmbH,81549,48.092528,11.604449,13/1/2020,881f8d7a35fffff
SWM Versorgungs GmbH,81637,48.130943,11.617161,20/12/2018,881f8d7a51fffff
SWM Versorgungs GmbH,81637,48.131121,11.617256,20/12/2018,881f8d7a51fffff
SWM Versorgungs GmbH,81639,48.146608,11.518302,27/12/2018,881f8d45ddfffff
SWM Versorgungs GmbH,81639,48.146637,11.518188,27/12/2018,881f8d45ddfffff
SWM Versorgungs GmbH,81667,48.129066,11.594117,20/4/2017,881f8d7a43fffff
SWM Versorgungs GmbH,81667,48.127254,11.598473,8/11/2017,881f8d7a43fffff
SWM Versorgungs GmbH,81667,48.127282,11.598526,8/11/2017,881f8d7a43fffff
SWM Versorgungs GmbH,81667,48.133289,11.592924,5/7/2019,881f8d7a4bfffff
SWM Versorgungs GmbH,81667,48.133336,11.59304,5/7/2019,881f8d7a4bfffff
SWM Versorgungs GmbH,81667,48.135199,11.596112,5/7/2019,881f8d7a4bfffff
SWM Versorgungs GmbH,81667,48.135299,11.596147,5/7/2019,881f8d7a4bfffff
SWM Versorgungs GmbH,81667,48.132085,11.593415,5/7/2019,881f8d7a43fffff
SWM Versorgungs GmbH,81667,48.132389,11.596393,24/6/2019,881f8d7a43fffff
SWM Versorgungs GmbH,81667,48.130679,11.605101,8/10/2020,881f8d7a5dfffff
SWM Versorgungs GmbH,81667,48.130519,11.605101,8/10/2020,881f8d7a55fffff
Park One GmbH,81667,48.12998,11.592552,1/9/2018,881f8d7a43fffff
SWM Versorgungs GmbH,81669,48.129023,11.594031,20/4/2017,881f8d7a43fffff
SWM Versorgungs GmbH,81669,48.118001,11.609502,20/12/2017,881f8d7a0bfffff
SWM Versorgungs GmbH,81669,48.121972,11.601085,5/7/2019,881f8d7a09fffff
SWM Versorgungs GmbH,81669,48.128634,11.585774,14/8/2019,881f8d7a41fffff
SWM Versorgungs GmbH,81669,48.128577,11.585687,14/8/2019,881f8d7a41fffff
SWM Versorgungs GmbH,81669,48.11598,11.60442,28/11/2019,881f8d7a01fffff
SWM Versorgungs GmbH,81669,48.115889,11.60448,28/11/2019,881f8d7a01fffff
SWM Versorgungs GmbH,81671,48.12841,11.61046,2/11/2017,881f8d7a55fffff
SWM Versorgungs GmbH,81671,48.120604,11.622602,20/12/2017,881f8d7a1dfffff
SWM Versorgungs GmbH,81671,48.120543,11.622484,20/12/2017,881f8d7a1dfffff
SWM Versorgungs GmbH,81671,48.126251,11.632279,20/12/2017,881f8d7a19fffff
Park One GmbH,81671,48.125082,11.6119,1/1/2020,881f8d7a57fffff
eeMobility GmbH,81671,48.12526,11.604944,1/10/2018,881f8d7a55fffff
eeMobility GmbH,81671,48.125389,11.604806,1/10/2018,881f8d7a55fffff
eeMobility GmbH,81671,48.12468,11.606906,1/10/2018,881f8d7a55fffff
eeMobility GmbH,81671,48.124681,11.606907,1/10/2018,881f8d7a55fffff
eeMobility GmbH,81671,48.124682,11.606908,1/10/2018,881f8d7a55fffff
eeMobility GmbH,81671,48.124685,11.606909,1/10/2018,881f8d7a55fffff
eeMobility GmbH,81671,48.124686,11.60691,1/10/2018,881f8d7a55fffff
eeMobility GmbH,81671,48.124687,11.606911,1/10/2018,881f8d7a55fffff
eeMobility GmbH,81671,48.124688,11.606912,1/10/2018,881f8d7a55fffff
eeMobility GmbH,81671,48.124689,11.606913,1/10/2018,881f8d7a55fffff
eeMobility GmbH,81671,48.12469,11.606914,1/10/2018,881f8d7a55fffff
eeMobility GmbH,81671,48.124691,11.606915,1/10/2018,881f8d7a55fffff
eeMobility GmbH,81671,48.124692,11.606916,1/10/2018,881f8d7a55fffff
SWM Versorgungs GmbH,81673,48.133376,11.628824,9/5/2019,881f8d7a53fffff
SWM Versorgungs GmbH,81673,48.126291,11.632059,20/12/2017,881f8d7a19fffff
Brotmanufaktur Schmidt GmbH & Co. KG,81673,48.132889,11.622436,1/12/2020,881f8d7a53fffff
SWM Versorgungs GmbH,81675,48.139359,11.604808,20/4/2017,881f8d44b7fffff
SWM Versorgungs GmbH,81675,48.139376,11.604599,20/4/2017,881f8d44b7fffff
SWM Versorgungs GmbH,81675,48.133956,11.602067,23/5/2017,881f8d7a5dfffff
SWM Versorgungs GmbH,81675,48.133863,11.602045,23/5/2017,881f8d7a5dfffff
SWM Versorgungs GmbH,81675,48.135199,11.607521,24/6/2019,881f8d7a5dfffff
SWM Versorgungs GmbH,81675,48.142208,11.601135,18/11/2019,881f8d44b7fffff
SWM Versorgungs GmbH,81675,48.142144,11.601078,18/11/2019,881f8d44b7fffff
SWM Versorgungs GmbH,81677,48.142394,11.615714,20/4/2017,881f8d7a59fffff
SWM Versorgungs GmbH,81677,48.142387,11.615832,20/4/2017,881f8d7a59fffff
SWM Versorgungs GmbH,81679,48.151003,11.60581,12/12/2019,881f8d44b3fffff
SWM Versorgungs GmbH,81679,48.151045,11.60589,12/12/2019,881f8d44b3fffff
SWM Versorgungs GmbH,81679,48.150346,11.601579,26/8/2019,881f8d44b1fffff
SWM Versorgungs GmbH,81679,48.145709,11.603838,26/8/2019,881f8d44b3fffff
SWM Versorgungs GmbH,81679,48.145644,11.603929,26/8/2019,881f8d44b3fffff
SWM Versorgungs GmbH,81679,48.14911,11.613062,26/8/2019,881f8d44b3fffff
SWM Versorgungs GmbH,81679,48.146174,11.611882,26/8/2019,881f8d44b3fffff
SWM Versorgungs GmbH,81679,48.141572,11.609079,23/12/2019,881f8d7a59fffff
SWM Versorgungs GmbH,81735,48.110089,11.627392,26/6/2018,881f8d7a15fffff
SWM Versorgungs GmbH,81735,48.109226,11.641172,13/12/2018,881f8d7a17fffff
SWM Versorgungs GmbH,81735,48.109229,11.641005,13/12/2018,881f8d7a17fffff
SWM Versorgungs GmbH,81735,48.11371,11.622677,9/5/2019,881f8d7a1dfffff
SWM Versorgungs GmbH,81737,48.100879,11.630772,19/9/2017,881f8d7a3bfffff
SWM Versorgungs GmbH,81737,48.100808,11.630761,19/9/2017,881f8d7a3bfffff
SWM Versorgungs GmbH,81737,48.098511,11.644794,19/9/2017,881f8d7ae1fffff
SWM Versorgungs GmbH,81737,48.098422,11.644784,19/9/2017,881f8d7ae1fffff
SWM Versorgungs GmbH,81737,48.098403,11.657695,23/1/2019,881f8d7ae3fffff
SWM Versorgungs GmbH,81737,48.101818,11.622017,5/7/2019,881f8d7a3bfffff
SWM Versorgungs GmbH,81737,48.103945,11.640382,15/10/2020,881f8d7aedfffff
EnBW mobility+ AG und Co.KG ,81737,48.102898,11.62509,18/7/2019,881f8d7a3bfffff
SWM Versorgungs GmbH,81739,48.087106,11.644966,19/9/2017,881f8d785bfffff
SWM Versorgungs GmbH,81739,48.086988,11.644977,19/9/2017,881f8d785bfffff
SWM Versorgungs GmbH,81739,48.093212,11.642531,14/6/2019,881f8d7ae5fffff
SWM Versorgungs GmbH,81739,48.093169,11.64267,14/6/2019,881f8d7ae5fffff
SWM Versorgungs GmbH,81739,48.085219,11.660734,22/1/2019,881f8d7aadfffff
SWM Versorgungs GmbH,81739,48.085181,11.660901,22/1/2019,881f8d7aadfffff
Karl Radlmaier GmbH,81739,52.520007,13.404954,1/1/2016,881f1d4895fffff
Leonardo Hotel Munich City East,81739,48.086367,11.645965,27/1/2018,881f8d785bfffff
Leonardo Hotel Munich City East,81739,48.086733,11.645363,17/7/2019,881f8d785bfffff
Mercedes- Benz AG - Niederlassung München,81739,48.089012,11.655301,24/10/2019,881f8d7ae7fffff
SWM Versorgungs GmbH,81825,48.121381,11.671321,8/8/2017,881f8d7acbfffff
SWM Versorgungs GmbH,81825,48.121392,11.671563,8/8/2017,881f8d7acbfffff
SWM Versorgungs GmbH,81825,48.123934,11.644263,8/11/2017,881f8d7a1bfffff
SWM Versorgungs GmbH,81825,48.125739,11.648823,27/12/2017,881f8d7127fffff
SWM Versorgungs GmbH,81825,48.125832,11.648871,27/12/2017,881f8d7127fffff
SWM Versorgungs GmbH,81825,48.119122,11.674261,30/8/2018,881f8d7ac3fffff
SWM Versorgungs GmbH,81825,48.119093,11.674363,30/8/2018,881f8d7ac3fffff
SWM Versorgungs GmbH,81825,48.121696,11.661762,5/7/2019,881f8d7ac9fffff
ALDI SÜD,81825,48.122903,11.669447,1/7/2015,881f8d7acbfffff
SWM Versorgungs GmbH,81827,48.112722,11.676772,20/12/2018,881f8d7ac3fffff
SWM Versorgungs GmbH,81827,48.112673,11.676855,20/12/2018,881f8d7ac3fffff
AUTOMAG GmbH,81827,48.119331,11.680284,1/9/2017,881f8d7ac3fffff
SWM Versorgungs GmbH,81829,48.131271,11.697028,19/9/2017,881f8d7ad9fffff
SWM Versorgungs GmbH,81829,48.140694,11.681487,19/9/2017,881f8d7131fffff
SWM Versorgungs GmbH,81829,48.142036,11.677743,30/8/2018,881f8d7139fffff
SWM Versorgungs GmbH,81829,48.142158,11.67749,30/8/2018,881f8d7139fffff
SWM Versorgungs GmbH,81829,48.127176,11.663464,2/7/2019,881f8d7ac9fffff
SWM Versorgungs GmbH,81829,48.127208,11.66364,2/7/2019,881f8d7ac9fffff
SWM Versorgungs GmbH,81829,48.13363,11.688317,24/6/2019,881f8d7133fffff
SWM Versorgungs GmbH,81829,48.133688,11.688597,24/6/2019,881f8d7133fffff
SWM Versorgungs GmbH,81829,48.128519,11.675883,8/10/2020,881f8d7135fffff
SWM Versorgungs GmbH,81829,48.129485,11.685149,3/11/2020,881f8d7137fffff
APCOA PARKING Deutschland GmbH,81829,48.1346272,11.6985726,1/12/2016,881f8d71e5fffff
Charge-ON,81829,48.132163,11.693975,25/1/2021,881f8d7133fffff
Charge-ON,81829,48.132163,11.693975,25/1/2021,881f8d7133fffff
Charge-ON,81829,48.132163,11.693975,25/1/2021,881f8d7133fffff
Charge-ON,81829,48.132163,11.693975,25/1/2021,881f8d7133fffff
Charge-ON,81829,48.132163,11.693975,25/1/2021,881f8d7133fffff
Charge-ON,81829,48.132163,11.693975,25/1/2021,881f8d7133fffff
Wackler Holding SE,81829,48.1373,11.5748,26/10/2018,881f8d7a49fffff
SWM Versorgungs GmbH,81925,48.153536,11.620134,31/5/2016,881f8d716dfffff
SWM Versorgungs GmbH,81925,48.172382,11.635696,1/8/2017,881f8d714dfffff
SWM Versorgungs GmbH,81925,48.172321,11.635782,1/8/2017,881f8d714dfffff
SWM Versorgungs GmbH,81925,48.152146,11.61798,27/12/2018,881f8d716dfffff
SWM Versorgungs GmbH,81925,48.160296,11.618508,20/12/2018,881f8d4497fffff
SWM Versorgungs GmbH,81925,48.164303,11.61816,29/10/2019,881f8d4497fffff
BayWa AG,81925,48.153015,11.617575,17/6/2019,881f8d716dfffff
BayWa AG,81925,48.153065,11.617575,17/6/2019,881f8d716dfffff
BayWa AG,81925,48.152967,11.617575,17/6/2019,881f8d716dfffff
BayWa AG,81925,48.15202,11.617575,17/6/2019,881f8d716dfffff
SWM Versorgungs GmbH,81927,48.158578,11.642493,7/8/2017,881f8d716bfffff
SWM Versorgungs GmbH,81927,48.158571,11.642595,7/8/2017,881f8d716bfffff
SWM Versorgungs GmbH,81927,48.157852,11.637345,18/11/2019,881f8d716bfffff
SWM Versorgungs GmbH,81927,48.15734,11.646599,13/1/2020,881f8d710dfffff
EnBW mobility+ AG und Co.KG ,81927,48.155556,11.630057,18/9/2020,881f8d7161fffff
SWM Versorgungs GmbH,81929,48.119093,11.674363,7/12/2018,881f8d7ac3fffff
SWM Versorgungs GmbH,81929,48.16495,11.629154,7/12/2018,881f8d7145fffff
Autohaus Burgstaller GmbH,81929,48.14739,11.64073,22/2/2021,881f8d7163fffff
Autohaus Burgstaller GmbH,81929,48.148244,11.641038,19/1/2021,881f8d7163fffff
Mercedes- Benz AG - Niederlassung München,91739,48.088928,11.655265,22/5/2019,881f8d7ae7fffff
Mer Germany GmbH,81247,48.10157,11.26494,7/9/2020,881f8d41e3fffff
